MPID,Description
FDSC,"1ST DISCOUNT BROKERAGE, INC."
FGCC,1ST GLOBAL CAP CORP
MNCH,1ST MUNICH CAPITAL LLC
FWWP,"1ST WORLDWIDE FINANCIAL PARTNERS, LLC"
HLTN,"A.B. WATLEY DIRECT, INC."
WONG,A.B. WONG CAPITAL LLC
AJAY,A.J. PACE & CO.
SCHM,A.R. SCHMEIDLER & CO. INC.
FRIS,"A&F FINANCIAL SERVICES, INC."
AICC,ABACUS INTNTL CAP CORP
ABAI,ABACUS INVMTS INC
ANSI,ABBEY NATIONAL SECURITIES INC.
ANOS,ABEL/NOSER CORP.
ABGS,"ABG SUNDAL COLLIER, INC."
AHBI,"ABNER, HERRMAN & BROCK, LLC."
ABFI,ABRAMSON FINANCIAL LLC
AWDI,"ABSHIER WEBB DONNELLY & BAKER, INC."
STLG,ACADEMY SECURITIES INC.
ACAF,ACAP FINANCIAL
MARK,ACCELERATED CAPITAL GROUP
AFGI,ACCESS FINANCIAL GROUP
AXCS,ACCESS SECURITIES INC.
AXCB,"ACCESS SECURITIES, INC."
ACPS,"ACP SECURITIES, LLC"
ACTI,"ACTINVER SECURITIES, INC."
CNCR,"ACTIVA CAPITAL MARKETS, INC."
ARKI,"ADIE, DOUGLAS KEITH"
ADAK,ADIRONDACK TRADING GROUP LLC
ADPS,ADP / SIS
ADPC,"ADP CLEARING & OUTSOURCING SERVICES, INC"
ADVA,"ADVANCED EQUITIES, INC."
FISA,"ADVISORS ASSET MANAGEMENT, INC."
FISB,"ADVISORS ASSET MANAGEMENT, INC."
AGES,ADVISORY GRP EQUITY SVS LTD
AEBC,AEB CORPORATION
AGCC,AEGIS CAPITAL CORP
AGIS,AEGIS CAPITAL CORP
AEGS,"AEGIS INVESTMENTS, INC."
AFBS,AFFINA BROKERAGE SERVICES LLC
AFIS,"AFFINITY INVESTMENT SERVICES,LLC"
AGBD,"AG BD, LLC"
ATGP,"AGENCY TRADING GROUP, INC."
AGFS,"AIG FINANCIAL SECURITIES, INC."
AKCA,AK CAPITAL LLC
ALAN,ALADDIN CAPITAL LLC
ALAC,ALAMO CAPITAL
DDAY,ALARIS TRADING PARTNERS LLC
AFCO,"ALBERT FRIED & COMPANY, LLC"
FNBS,ALERUS SECURITIES CORPORATION
TRUE,ALETHEIA SECURITIES INC.
ACLP,"ALEXANDER CAPITAL, LP"
ALIS,ALEXANDER INVESTMENT SERVICES CO.
AFIN,"ALL FUNDS, INC.                        ("
ACLC,ALLEGANCE CAP LLC
ALLE,ALLEGHENY INVTS
ASLL,ALLEGIANT SECURITIES LLC
ALLN,ALLEN & COMPANY LLC
ALEN,"ALLEN & COMPANY OF FLORIDA, INC."
ACEJ,ALLEN C. EWING & CO.
AMBB,"ALLEN, MOONEY & BARNES BROKERAGE SERICES"
ALAD,ALLIANCE ADVISORY & SECURITIES INC
AKGS,"ALLIANCE FINANCIAL GROUP, INC."
BZTN,"ALLIANT SECURITIES INC., TURNER, NORD, K"
AAMI,ALLIED ASSET MANAGEMENT INC
LAGI,ALLSTATE FINL SVS LTD LIABILITY CO
ALLU,ALLUVION SECURITIES
ALPN,"ALPINE ASSOCIATES, LIMITED PARTNERSHIP"
APTR,ALPINE PARTNERS LP
ALPS,ALPINE SECURITIES CORPORATION
AVFI,ALTA VISTA FINANCIAL INC.
ASGI,ALTON SECURITIES GROUP INC
AFGT,AMBASSADOR FINANCIAL GROUP INC
SWTX,"AMEGY INVESTMENTS, INC."
AIII,"AMERICA INVEST ONLINE, INC."
ABPI,"AMERICAN BEACON PARTNERS, INC"
ACPL,"AMERICAN CAPITAL PARTNERS, LLC"
ACBD,AMERICAN CENTURY BROKERAGE INC
ACFE,AMERICAN CLASSIC FINL CO
ADFG,AMERICAN DIVERSIFIED FINANCIAL GROUP LLC
HRBF,"AMERICAN ENTERPRISE INVESTMENT SERVICES,"
IDSI,"AMERICAN ENTERPRISE INVESTMENT SERVICES,"
AECI,"AMERICAN EQUITY CAPITAL, INC."
AFAI,"AMERICAN FINANCIAL ASSOCIATES, INC."
AHSI,AMERICAN HERITAGE SEC INC
AISG,AMERICAN INDEPENDENT SEC GROUP LLC
AMIC,AMERICAN INVESTORS CO
AIGI,"AMERICAN INVESTORS GROUP, INC."
AMMS,AMERICAN MUNICIPAL SECURITIES INC
AMNN,AMERICAN NTWK SEC
APFS,"AMERICAN PORTFOLIOS FINANCIAL SERVICES,"
ARMC,AMERICAN RESEARCH & MANAGEMENT CO.
PEER,"AMERICAN TRUST INVESTMENT SERVICES, INC."
AWMI,AMERICAN WEALTH MGMT INC
ACEL,AMERICAS CHOICE EQUITIES LLC
ACEP,AMERICAS CHOICE EQUITIES LLC
AEFA,"AMERIPRISE FINANCIAL SERVICES, INC."
BLNI,AMERITAS INVESTMENT CORP.
FOMA,"AMERITRADE, INC."
AMHE,AMHERST SECURITIES GROUP LP
AMUR,AMUR ADVISORS LLC
DALE,ANCORA SEC INC
FSTD,"ANDEREN CAPITAL, INC."
ANSR,"ANDERSON & STRUDWICK, INC."
ANSL,"ANDERSON & STRUDWICK, INCORPORATED"
ACGP,"ANDES CAPITAL GROUP, LLC"
ANDG,ANDREW GARRETT INC
ANOV,"ANOVEST FINANCIAL SERVICES, INC."
ANZS,ANZ SEC INC
AONC,"AON BENFIELD SECURITIES, INC."
ALIR,"APB FINANCIAL GROUP, LLC"
APBI,"APB FINANCIAL GROUP, LLC"
ARTI,ARBOR RESEARCH & TRADING
ARCD,"ARCADIA SECURITIES, LLC"
KEYS,"ARETE WEALTH MANAGEMENT, LLC"
ALZN,ARJENT LLC
ASIX,ARLINGTON SEC INC
ARMA,ARMA FINL SVS INC
RHPP,"ARQUE CAPITAL, INC."
WOOD,ARTHUR W. WOOD CO. INC
ARVS,ARVEST INVMTS INC
ASDB,"ASD BROKERAGE AND INVESTMENT, INC."
ASDF,ASD FINANCIAL SERVICES CORPORATION
ANPC,"ASG SECURITIES, INC."
MOMY,"ASHTON YOUNG, INC."
ASPI,"ASIA PACIFIC FINANCIAL MANAGEMENT GROUP,"
ASKR,ASKAR CORP
ASST,ASSIST INVESTMENT MANGEMENT CO INC
ASOI,"ASSOCIATED INVESTMENT SERVICES, INC."
JEVO,"ATIS, INC."
AFGL,"ATLAS ONE FINANCIAL GROUP, LLC"
AOFG,"ATLAS ONE FINANCIAL GROUP, LLC"
AGCO,AUERBACH GRAYSON & COMPANY INCORPORATED
ARBI,"AUFHAUSER PARTNERS, INC."
ARGA,"AURIGA USA, LLC"
AURC,AURORA CAPITAL LLC
RBAC,"AUSDAL FINANCIAL PARTNERS, INC."
AVAP,AVALON PARTNERS
AVAT,AVATAR CAPITAL GROUP LLC
AVEN,"AVENTURA SECURITIES, LLC."
AVIL,"AVILA CAPITAL MARKETS, INC."
FFSC,"AVILA CAPITAL MARKETS, INC."
AVIS,"AVISEN SECURITIES, INC."
AVML,"AVM, L.P"
AVON,"AVONDALE PARTNERS, LLC"
AXAA,AXA ADVISORS
AXIO,"AXIOM CAPITAL MANAGEMENT, INC."
AYRE,AYRE INVESTMENTS INC
BTSI,"B & T SECURITIES, INC."
RILY,B. RILEY & CO. LLC.
BBGC,B.B. GRAHAM & CO INC
BCZC,B.C. ZIEGLER AND COMPANY
BCCS,BAC FLORIDA INVTMT CORP
BMCB,"BACKSTROM MCCARLEY BERRY & CO., LLC"
BARD,BAIRD (ROBERT W.) & CO. INCORPORATED
BPAT,"BAIRD, PATRICK & CO., INC."
BCOM,"BAKER & CO., INCORPORATED"
MSIS,BALANCE SHEET SOLUTIONS LLC
BAMC,"BALDWIN ANTHONY SECURITIES, INC."
BALL,BALLEW INVSTMT INC
BIGS,"BANC INVESTMENT GROUP, LLC"
BIMI,BANCA IMI SECURITIES CORP.
BDBS,BANCO DO BRASIL SECURITIES LLC
VOTO,"BANCO VOTORANTIM SECURITIES, INC."
BSIS,BANCORP SOUTH INVTMT SVS INC
BWIS,BANCWEST INVESTMENT SERVICES
BSTO,BANESTO SECURITIES INC.
BANF,BANIF SECURITIES INC.
BAIN,BANKERS & INVESTORS CO
PCIS,"BANKOH INVESTMENT SERVICES, INC."
PICO,BANORTE SECURITIES
BARC,BARCLAY INVESTMENTS INC
BCAP,BARCLAYS CAPITAL INC
LEHM,BARCLAYS CAPITAL INC.
BARR,BARRETT & COMPANY
BFLN,"BASIS FINANCIAL, LLC"
BSIB,"BATES SECURITIES, INC."
LMSC,"BAY COLONY SECURITIES, CO., INC."
BAYC,"BAY CREST PARTNERS, LLC"
BAYM,"BAY MUTUAL FINANCIAL, LLC"
BBTT,BB & T INVESTMENT SERVICES INC
CBIN,"BBVA COMPASS INVESTMENT SOLUTIONS, INC"
TCMC,"BBVA SECURITIES OF PUERTO RICO, INC."
LTIN,"BBVA SECURITIES, INC."
BCGS,BCG SECURITIES INC
BRCY,"BCP SECURITIES, LLC"
BEAF,BEACONSFIELD FINANCIAL SERVICES INC
BCRK,BEAR CREEK SECURITIES
BFIC,BEARD FINL SVS INC
PRCR,BEDMINSTERFINL GRP LTD
STLZ,"BEDROK SECURITIES, LLC"
CWEI,"BEECH HILL SECURITIES, INC."
BELS,"BEL AIR SECURITIES, LLC"
BNBB,"BELLAMAH, NEUHAUSER & BARRETT, INC."
BHLP,BELLE HAVEN INVESTMENTS
BHII,BELLE HAVEN INVESTMENTS LP
BMRK,BENCHMARK INVTMTS INC
BPFI,BENGAL PARTNERS LLC
BEJJ,"BENJAMIN & JEROLD BROKERAGE I, LLC"
BFEC,"BENJAMIN F. EDWARDS & COMPANY, INC."
BENJ,BENJAMIN SECURITIES INC
BEMC,"BERGHOFF & COMPANY, INC."
HERO,"BERNARD HEROLD & CO., INC."
BNDI,BERNARDI SEC INC
BSAZ,BERRY-SHINO SECURITIES INC
BFFI,BERTHEL FISHER & CO FINL SVS ICN
BFSA,BERWYN FINANCIAL SERVICES
BSTV,BESTVEST INVESTMENTS LTD
BECM,BETA CAPITAL MANAGEMENT
BETA,BETA SYSTEMS
BLFC,BETTINGER & LEECH FINANCIAL CORP.
BGCM,"BGB SECURITIES, INC."
BGCF,"BGC FINANCIAL, L.P."
EBKR,"BGC FINANCIAL, L.P."
MAXN,"BGC FINANCIAL, L.P."
BGCX,"BGC FINANCIAL, LP"
BGSG,"BGS & G INVESTMENT SERVICES, INC."
BHKS,BHK SECURITIES LLC.
BFIB,BIANCO FINANICAL INC
BFEW,"BILL FEW SECURITIES, INC."
BGIA,BIONDO ASSET MANAGEMENT LLC
BRKE,BIRKELBACT INV SEC I NC
BISH,"BISHOP, ROSEN & CO., INC."
BGIS,BLACKROCK EXECUTION SERVICES
WBLR,BLAIR (WILLIAM) & COMPANY L.L.C.
EDSB,BLAKESLEE & BLAKESLEE INC.
BRVL,"BLAYLOCK ROBERT VAN, LLC"
BLAY,BLEY INVESTMENT GROUP
BKKY,BLOCK KELLY CO
BLIO,BLOOMBERG L.P
BCSB,"BLUE CAPITAL SECURITIES, INC."
ITFS,"BLUE CREEK SECURITIES, INC."
BBAY,BLUEBAY CAP LTD
BCSI,"BLUECHIP SECURITIES, INC."
BSLP,"BLUFFVIEW SECURITIES, L.P."
BMOC,BMO CAPITAL MARKETS CORP.
GKST,BMO CAPITAL MARKETS GKST INC
NBSL,"BMO NESBITT BURNS SECURITIES, LTD"
BNPC,"BNP PARIBAS INVESTMENT SERVICES, LLC"
BNPS,BNP PARIBAS SECURITIES CORP.
PARI,BNP PARIBAS SECURITIES CORP.
ECUT,"BNY CONVERGEX EXECUTION SOLUTIONS, LLC"
BKCM,BNY MELLON CAPITAL MARKETS LLC
BOLL,BODELL OVERCASH ANDERSON & CO INC
BOSE,BOE SECURITIES INC.
BOSC,"BOENNING & SCATTERGOOD, INC."
BLTN,BOLTON SECURITIES CORPORATION
BDDK,BONDDESK TRADING LLC
BDTR,BONDDESK TRADING LLC
BNDS,"BONDS.COM, INC."
BOKF,"BOSC, INC."
BMFS,"BOSTON MERCHANT FINANCIAL SERVICES, INC"
BGSL,"BOSTONIA GLOBAL SECURITIES, LLC"
BNMI,"BOZARTH,NEWTON & MURPHY SECURITIES INC."
BZPI,"BPU INVESTMENT GROUP, INC."
BRSE,"BRADESCO SECURITIES, INC."
BRAV,"BRAVER, STERN SECURITIES CORP."
BLNS,"BRAYMEN, LAYMEN NOEL SECURITIES, LTD"
BRAZ,BRAZOS SECS INC
BMUR,"BREAN MURRAY, CARRET & CO., LLC"
CRRT,"BREAN MURRAY, CARRET & CO., LLC."
BFSL,BRIGGS-FICKS SEC
BGHT,BRIGHTON SECURITIES CORP.
BRIL,BRILL SECURITIES INC
BRIM,BRIMBERG & CO.
BRNK,BRINKER CAP SEC INC
BRFI,"BRISTOL FINANCIAL SERVICES, INC."
BRIT,BRITTINGHAM INC
BWAL,BROADWALL CAPITAL LLC
BROC,BROCKHOUSE & COOPER INC
BKFC,BROKER DEALER FINANCIAL SERVICES CORP
IDAY,BROKERAGESELECT
BIFS,BROKERS INTERNATIONAL FINANCIAL SERVICES
BRXP,BROKERSXPRESS LLC
BRGI,BROOKFIELD CAP COR
RSIC,"BROOKSTONE SECURITIES, INC."
BKVW,BROOKVIEW CAPITAL LLC
NCFS,BROOKVILLE CAPITAL PARTNERS LLC
BRBR,BROWN & BROWN SEC INC
BSEC,BROWN ADVISORY SEC
BWNA,"BROWN ASSOCIATES, INC."
BBHC,BROWN BROTHERS HARRIMAN & CO
BRLI,BROWN LISLE/CUMMINGS
BIGG,BROWNSTONE INVESTMENT GRP LLC
BALS,"BRUCE A. LEFAVI SECURITIES, INC."
PACT,BTG PACTUAL US CAPITAL CORP
BTIS,"BTIG, LLC"
BBRF,"BUCKMAN, BUCKMAN & REID,  INC"
BKRT,"BUCKMAN, BUCKMAN & REID, INC."
BUCS,BUCKRAM SECURITIES LTD
BUEL,BUELL SECURITIES CORP
BOBS,BULLISH BOB BAGLEY SECS INC
BLTS,"BULLTICK SECURITIES, INC."
BLTK,"BULLTICK, LLC"
BURC,BURCH & CO INC
BURK,"BURKE, LAWTON, BREWER & BURKE, LLC"
BRNM,"BURNHAM SECURITIES, INC."
BPWP,BUTTONWOOD PARTNERS INC
KING,C.L. KING & ASSOCIATES INC
CPBC,C.P. BAKER SEC INC
CRDC,C.R. DAVIS & COMPANY
CABR,"CABRERA CAPITAL MAKETS, INC."
CGAT,"CADARET, GRANT & CO., INC."
CBCI,CAIN BROTHERS & CO
CISC,CALDWELL INTERNATIONAL SECURITIES CORP
CALD,"CALDWELL SECURITIES, INC."
CALL,CALLAWAY FINL SVS INC
CALT,CALTON & ASSOC
CAMC,"CAMBRIA CAPITAL, LLC"
CBSE,CAMBRIDGE INTNTL SEC
CIRI,CAMBRIDGE INVT RSCH
CLSC,"CAMBRIDGE LEGACY SECURITIES, L.L.C."
ARGU,CAMELOT INVESTMENT ADVISERS LTD
DONA,"CAMERON, MURPHY, AND SPANGLER"
ADAM,CANACCORD GENUITY INC.
NRAM,CANACCORD WEALTH MANAGEMENT (USA) INC.
CTLA,CANTELLA AND CO
CTBY,"CANTERBURY CAPITAL SERVICES, INC."
CANR,CANTONE RESEARCH INC.
CFCO,CANTOR FITZGERALD (CFCO)
CSPD,CANTOR FITZGERALD & CO.
CANT,"CANTOR, FITZGERALD & CO., INC."
CAPB,CAP INV BROKERAGE INC
CISE,CAP INVTMT SVS INC
CMSI,CAP MGMET SEC INC
CAPE,CAPE SECURITIES
CAPP,"CAPFINANCIAL PARTNERS, LLC"
CCII,"CAPITAL & CREDIT INTERNATIONAL, INC."
CAPI,CAPITAL ANALYSTS INC
CAPC,"CAPITAL CITY SECURITIES, LLC"
CAPF,CAPITAL FINANCIAL SERVICES INC
WALT,CAPITAL GROWTH RESOURCES
CGDN,"CAPITAL GUARDIAN, LLC"
CIST,CAPITAL INSTITUTIONS SVCS INC
CAPG,CAPITAL INVESTMENT GROUP INC
COMP,CAPITAL ONE INVESTMENT SERVICES CORP.
SOCO,"CAPITAL ONE SOUTHCOAST, INC"
PATH,CAPITAL PATH SECURITIES LLC
CPMI,"CAPITAL PORTFOLIO MANAGEMENT, INC."
CSIC,CAPITAL SECS INVESTMENT CORP
CSPI,CAPITAL SYNERGY PARTNERS
HSCO,"CAPITOL SECURITIES & ASSOCIATES, INC."
CSCV,"CAPITOL SECURITIES MANAGEMENT, INC"
CSMI,"CAPITOL SECURITIES MANAGEMENT, INC."
MITC,CAPNET SECURITIES CORPORATION
CLSI,CAPROCK SEC INC
CSAS,"CAPSTONE GLOBAL MARKETS, LLC"
CPST,CAPSTONE INVTMTS
ROGO,"CAPWEALTH INVESTMENT SERVICES, LLC"
CPWS,"CAPWEST SECURITIES, INC."
CRDL,CARDINAL INVESTMENTS INC
HOOV,"CAREY, THOMAS, HOOVER, AND BREAULT, INC."
CRIS,"CARIS & COMPANY, INC."
HENN,CARL M HENNING INC
SHRR,CARL P. SHERR & CO LTD LIABILITY CO
CCCO,CARNES CAPITAL CORPORATION
CARC,CAROLINA CAPITAL MARKETS INC
CICL,CAROLINAS INVTMT CONSULTING LLC
CARR,CARR SECURITIES CORPORATION
CATE,"CARTER, TERRY & COMPANY, INC."
CARG,CARTHAGE GRP INC
CART,"CARTY & COMPANY, INC."
CARY,CARY STREET PARTNERS LLC
CASC,CASCADE FINL MANAGEMNT
BJRC,CASCADE INVESTMENT GROUP INC
CCLD,CASGRAIN & CO (USA) LTD
CSMR,"CASIMIR CAPITAL, L.P."
COAK,"CASTLEOAK SECURITIES, LP"
CBFG,"CBG FINANCIAL GROUP, INC."
TURN,"CCM SECURITIES, LLC"
CISV,CCO INVESTMENT SERVICES CORP.
CCSX,"CEDAR CREEK SECURITIES, INC."
SPLN,CELADON FINANCIAL GROUP LLC
CCBD,"CENTARA CAPITAL SECURITIES, INC."
CNFI,CENTAURUS FINL
CTNL,"CENTENNIAL SECURITIES COMPANY, LLC"
MTRS,"CENTER STREET SECURITIES, INC."
CENT,"CENTRAL SECURITIES, LLC"
CTRN,CENTURION SECURITIES CORPORATION
CEPA,"CENTURY PACIFIC SECURITIES, INC."
CSAI,CENTURY SEC ASSOC
CERS,"CEROS FINANCIAL SERVICES, INC."
CFGT,"CF GLOBAL TRADING, LLC"
CFDI,CFD INVESTMENTS
QBSI,CFT SECURITIES.LLC
CGCO,CG COMPASS (USA) LLC
CHPP,CHAPDELAINE & CO.
CHDA,"CHAPIN, DAVIS"
CHDN,CHARDAN CAPITAL MARKETS LLC
CJCO,CHARLES JORDAN & CO LLC
CHAS,"CHARLES SCHWAB & CO., INC."
CVTA,"CHARLES VISTA, LLC"
CISI,CHASE INVESTMENT SERVICES CORP.
CHTS,"CHATSWORTH SECURITIES, LLC"
CHBC,"CHEEVERS & COMPANY, INC."
CFIN,CHELSEA FINANCIAL SERVICES
CHHS,"CHESTER, HARRIS & COMPANY, INC."
CATC,"CHICAGO ANALYTIC TRADING COMPANY, LLC"
CHCK,"CHICKASAW SECURITIES, LLC"
CHIL,"CHILIAN PARTNERS, L.P."
COCE,CHOICE INVESTMENTS
WEIL,CHRISTOPHER WEIL & CO. INC.
CHLC,CHURCHILL CAPITAL USA INC.
CWMK,CIBC WORLD MARKETS CORPORATION
CSLL,CICERONE SECURITIES LLC
CIGC,CIG SECURITIES
CIMS,"CIM SECURITIES, LC"
ICRD,CITADEL SECURITIES LLC
CITA,CITATION FINANCIAL GROUP
CFSC,CITI INTERNATIONAL FINANCIAL SERVICES LL
SALB,CITIGROUP GLOBAL MARKETS INC.
SBSH,CITIGROUP GLOBAL MARKETS INC.
CGWM,"CITIGROUP GLOBAL MARKETS, INC."
CNSI,CITY NATIONAL SEC INC
CITY,CITY SECURITIES CORPORATION
CKCC,CK COOPER & COMPANY
CLAN,"CLANCY FINANCIAL SERVICES, INC."
CLRK,"CLARK DODGE & CO., INC."
BSCI,CLARKESON RESEARCH INC.
CLCI,"CLAYTON LOWELL, & CONGER INC"
CLAG,"CLAYTON,LOWELL, & CONGER, INC"
CLRV,"CLEARVIEW CORRESPONDENT SERVICES, LLC"
CLVU,"CLEARVIEW TRADING ADVISORS, INC."
TGUL,CLEARY GULL INC
COSL,CLIENT ONE SECURITIES LLC
CNBS,"CNBS, LLC"
CNDF,CND FINANCIAL LIMITED
COAS,COASTAL EQUITIES
COST,COASTAL SECURITIES LTD
COBR,"COBURN & MEREDITH, INC."
CDOI,"COHEN & COMPANY SECURITIES, LLC."
COHN,"COHEN & COMPANY SECURITIES, LLC."
CCMT,"COHEN AND COMPANY CAPITAL MARKETS, LLC"
XCSX,COHEN CAPITAL GROUP LLC
COKE,"COKER & PALMER, INC."
CBCB,COLLIER BROWNE & CO.
COLL,COLLINS & CO LLC
CSTI,"COLLINS STEWART, LLC"
STEW,"COLLINS STEWART, LLC"
CPFS,COLONY PARK FINANCIAL SERVICES LLC.
CMCA,COMERICA SECURITIES
CMCE,COMMERCE BROKERAGE SERVICES INCORP
TSRV,"COMMERCE SQUARE TRADING, LLC"
CSCL,"COMMERCE STREET CAPITAL, LLC"
DRKW,"COMMERZ MARKETS, LLC"
CWCF,COMMONWEALTH CHURCH FINANCE
CMMW,COMMONWEALTH FINL NETWK
CMPT,"COMPASS POINT RESEARCH & TRADING, LLC"
CAMS,COMPREHENSIVE ASSET MGMT & SVC INC
RDST,"CONDERA SECURITIES, LLC"
COND,"CONDOR SECURITIES, INC."
CNFR,"CONIFER SECURITIES, LLC"
CONR,CONNORS AND CO INC
ABAS,"CONOVER SECURITIES, CORP."
CFII,"CONSOLIDATED FINANCIAL INVESTMENTS, INC."
CWAA,"CONSTELLATION WEALTH ADVISORS, LLC"
CONS,CONSULTIVA SEC INC
CONT,CONTINENTAL INVESTOR SVS INC
CMMC,COOPER MALONE MCCLAIN INC
COOR,COORDINATED CAP SEC
CRBY,"CORBY CAPITAL MARKETS, INC."
CRTH,"CORINTHIAN PARTNERS, LLC"
CIII,CORNERSTONE INSTITUTIONAL INVESTORS
CINV,"CORPORATE INVESTMENTS GROUP, INC."
CCIS,CORRELL CO INV SVCS CORP
CORT,CORTVIEW CAPITAL SECURITIES LLC
COSE,"COSSE INTERNATIONAL SECURITIES, INC."
CGLN,"COUGHLIN & COMPANY, INC."
CCFS,COUNTRY CLUB FINL SVS
COSC,COURTLANDT SECURITIES CORPORATION
CMGT,COVENTRY CAP INC
COWR,"COWEN & CO., LLC"
COWN,"COWEN AND COMPANY, LLC"
COYL,COYLE SEC LLC
CPCG,CP CAPITAL SECURITIES
CLDS,CP INVESTMENTS INCORPORATED
CPIC,CPI CAPITAL
CRED,"CREDICORP SECURITIES, INC."
CRAG,CREDIT AGRICOLE CHEUVREUX NORTH AMERICA
LYON,CREDIT AGRICOLE SECURITIES (USA) INC.
CSPA,CREDIT SUISSE PRIVATE ADVISORS AG
FBCO,CREDIT SUISSE SECURITIES (USA) LLC
FBPC,CREDIT SUISSE SECURITIES (USA) LLC
CTSC,CREDITTRADE SECURITIES CORPORATION
CSAP,"CRESAP, INC."
CSNT,CRESCENT SEC GRP INC
CESI,CRESSMAN ESSER SEC INC
KCML,CRESTONE SECS LLC
CREW,CREWS & ASSOCIATES
CRII,"CRI SECURITIES, LLC"
CRON,CRONIN & CO.
SAAS,CROSS POINT CAPITAL LLC
CROW,CROWDER RUBICAM INC.
CWCO,"CROWELL, WEEDON & CO."
CCSS,CROWN CAP SEC LP
CRTG,CRT CAPITAL GROUP LLC
CSSC,"CSSC BROKERAGE SERVICES, INC."
UCCM,"CU INVESTMENT SOLUTIONS, INC."
CULL,CULLEN IVTMT GRP
CUMB,CUMBERLAND BROKERAGE CORPORATION
CUNA,CUNA BROKERAGE SVS
CLLC,CURRAN ADVISORY SERVICES
CURR,CURREN & COMPANY
CTWD,"CURTISWOOD CAPITAL, LLC"
CUSO,CUSO FINL SVS L.P.
CUSP,"CUSO PARTNERS, LLC"
CUTT,"CUTTER & COMPANY BROKERAGE, INC."
CUTW,"CUTTER & COMPANY, INC."
CUGS,"CUTTONE & CO., INC."
WECK,"D. WECKSTEIN & CO., INC."
DADA,D.A. DAVIDSON & CO.
DBMC,D.B. MCKENNA & CO INC
DMKC,D.M. KELLY & CO.
DABS,DABBAH SECS CORP
DRCO,"DAHLMAN ROSE & COMPANY, LLC"
DAWA,DAIWA CAPITAL MARKETS AMERICA INC.
DCMO,DAIWA CAPITAL MARKETS AMERICA INC.
DAKO,DAKOTA SECURITIES INTERNATIONAL
DSIS,DALTON STRATEGIC INVESTMENT SVCS INC
DAPA,DART PAPESH & CO INC
DARA,DARWOOD ASSOC INC
DAVA,DAVENPORT & COMPANY LLC
NOYS,DAVID A. NOYES & COMPANY
DHCO,DAVID HARRIS & CO INC
DLAE,"DAVID LERNER ASSOCIATES, INC."
DCMI,"DAVINCI CAPITAL MANAGEMENT, INC."
DAVS,"DAVIS SECURITIES, LLC"
DRMI,"DAVIS, MENDAL & REGENSTEIN, INC."
DAVY,DAVY SECURITIES
DJSA,DAWSON JAMES SECURITIES INC
DJSI,"DAWSON JAMES SECURITIES, INC"
KDEK,"DE KONING CAPITAL MARKETS, LLC"
DCMG,DEARBORN CAPITAL MARKETS GROUP
DBTX,DEBTX SEC INC
RAYG,DELTA EQUITY SERVICES CORP.
DTII,DELTA TRUST
DELT,DELTEC ASSET MANAGEMENT LLC
DLSI,"DEMPSEY LORD SMITH, LLC"
DESP,DESPAIN FINL CORP
DCSC,DESTINY CAP SEC CORP
FEDE,DETWILER FENTON & CO.
DBKS,DEUTSCHE BK SEC INC
DEVR,DEVENIR LLC
DWFN,DEWAAY FINANCIAL NETWORK LLC
DAVE,DIAMANT INVESTMENT CORPORATION
DILG,DILLON GAGE SECURITIES INC.
DINO,"DINOSAUR SECURITES, L.L.C."
TREX,DINOSAUR SECURITIES LLC
DAPL,DIRECT ACCESS PARTNERS
DAPG,DIRECT ACCESS PARTNERS LLC
DAPJ,DIRECT ACCESS PARTNERS LLC
DITO,"DITTO TRADE, INC."
DIVP,"DIVERSIFIED SECURITIES, INC."
DIVE,DIVERSITY INVESTMENT CORP.
DIVA,DIVINE CAPITAL MARKETS LLC
DLSC,DLS CAPITAL PARTNERS
DSGG,"DMG SECURITIES, INC."
DNOR,"DNB NOR MARKETS, INC"
DOFT,"DOFT & CO., INC."
DOLY,"DOLEY SECURITIES, LLC."
DFIC,DOMESTIC FINANCIAL SERVICES INC
DOMS,"DOMESTIC SECURIITES, INC."
DOMK,DOMINICK & DOMINICK LLC
DOMI,DOMINION INVESTOR SVS INC
DAII,DON ALEXANDER INVTMTS
DORN,DORN & CO INC
DORS,"DORSEY & COMPANY, INC."
DOTC,"DOUGHERTY & COMPANY, LLC"
DGLS,DOUGLAS & ASSOCIATES INC.
DOWL,DOWLING & PARTNERS SECURITIES
DDBI,"DOWNSTATE DISCOUNT BROKERAGE, INC."
IPRV,"DPEC CAPITAL, INC."
DREX,"DREXEL HAMILTON, LLC"
PASQ,"DU PASQUIER & CO., INC."
DCUS,"DUBEAU CAPITAL USA, INC."
DNWL,DUNCAN-WILLIAMS
DHAM,DUNHAM & ASSOCIATES INVST COUNSEL INC
DIDI,"DWS INVESTMENTS DISTRIBUTORS, INC"
DCPI,"DYNASTY CAPITAL PARTNERS, INC."
EWIN,E-W INVESTMENTS INC
POWL,E. E. POWELL & CO.
EDLR,"E.J.DE LA ROSA & CO., INC."
EMOC,E.MAGNUS OPPENHEIM & CO. INC.
ESFS,E.S. FINL SVS
HOPE,E.S. HOPE FINANCIAL
ETRS,E*TRADE SECURITIES LLC
EVRS,"E1 ASSET MANAGEMENT, INC."
ELCA,"EAGLE LEDGE CAPITAL, LLC"
EOIL,EAGLE ONE INVMTS LLC
EBCI,"EARLY BIRD CAPITAL, INC."
EBRD,"EARLY BIRDCAPITAL, INC."
ESPN,"EAST SHORE PARTNERS, INC."
EWSC,EAST/WEST SECURITIES CO.
ECON,"ECONOMY SECURTIES, INCORPORATED"
EDIF,EDI FINANCIAL INC
EDJO,EDWARD JONES
EFGC,EFG CAPITAL INTERNATIONAL
EKRI,EK RILEY INVESTMENTS LLC
EKNS,EKN FINANCIAL SERVICES INC.
ELEV,"ELEVATION, LLC"
ELTD,"ELEVATION, LLC"
ACSL,"ELLIOTT DAVIS BROKERAGE SERVICES, LLC"
ELTK,ELTEKON SEC LLC
VTMW,EMERGENT FINANCIAL GROUP INC.
EGRO,"EMERGING GROWTH EQUITIES, LTD"
EMER,EMERSON EQUITY LLC
EAMC,EMPIRE ASSET MANAGEMENT CO
EMPI,EMPIRE INVESTMENT INC
AMMI,"ENSEMBLE FINANCIAL SERVICES, INC."
EQAL,EQUIBOND INC.
EQNX,EQUINOX SECURITIES INC.
EQSV,EQUITY SERVICES INC
ESTA,"EQUITY STATION, INC."
ESTF,"EQUITY STATION, INC."
EROM,EROOM SECURITIES LLC
ESPO,"ESPOSITO SECURITIES, LLC"
EFSP,ESSEX FINANCIAL SERVICES INC.
ENSC,ESSEX NATIONAL SECS INC
BJCM,ESSEX SEC LLC
EURP,"EURO PACIFIC CAPITAL, INC."
ERPO,"EUROPA SECURITIES, INC."
EVER,EVERTRADE DIRECT BROKERAGE INC
ESUS,"EVOLUTION SECURITIES US, INC."
EXCS,EXCEL SEC & ASSOC
EXOS,EXOS SECURITIES LLC
EXOT,EXOTIX USA INC.
EZST,"EZ STOCKS, INC."
FAGI,FAGENSON & CO
FALC,"FALCONVIEW SECURITIES, LLC"
FAMV,FAMILY INVESTORS CO
FMGT,FAMILY MGMT SEC LTD LIAB CO
FBRC,FBR CAPITAL MARKETS & CO.
FBRS,"FBR INVESTMENT SERVICES, INC."
FBTI,FBT INVTMTS INC
FCGA,"FCG ADVISORS, LLC"
FEDR,FEDERATED SECURITIES INC.
LGLL,FEIL DAILY INVMT CO
FMAC,"FELDMAN, INGARDONA AND CO"
FFGI,FELDSTEIN FINL GRP LLC
FLTL,FELTL & COMPANY
FIBS,FIDELITY BROKERAGE SERVICES LLC
SSCC,FIDUCIARY FINANCIAL SERVICES CORP.
FSTN,FIELDSTONE SERVICES CORP.
OHIO,"FIFTH THIRD SECURITIES, INC."
BNKS,"FIG PARTNERS, LLC"
FGIC,FINACORP GRP INTL CORP
FINC,FINAL COUNSELING CORP
FANC,"FINANCE 500, INC."
BOYS,"FINANCIAL ADVISERS OF AMERICA, LLC."
FASI,"FINANCIAL AMERICA SECURITIES, INC."
FNIC,FINANCIAL NETWORK INVESTMENT CORPORATION
FNSJ,"FINANCIAL NORTHEASTERN SECURITIES, INC."
FTII,FINANCIAL TELESIS INC.
FINW,"FINANCIAL WEST INVESTMENT GROUP, INC."
BFUS,FINANTIA USA LTD.
FPCI,FINL PLANING CONSULTANTS INC
FINX,FINTECH SECURITIES
FINT,FINTEGRA FINL SOLUTIONSLLC
FAST,FIRST ALLIED SECURITIES INC
STCS,FIRST AMERICAN CAPITAL AND TRADING CORP
FAFI,FIRST ASSET FINANCIAL INC.
FBLT,"FIRST BALLANTYNE, LLC"
FLOU,"FIRST BANKERS' BANC SECURITIES, INC"
BRMF,FIRST BERMUDA SECURITIES (BVI) LTD.
FBAL,FIRST BROKERAGE OF AMERICA LLC
FATS,FIRST BROKERS SECURITIES LLC
FCFP,FIRST CITIZENS FINL PLUS INC
FCIT,FIRST CITIZENS INVESTORS SVS INC
FCSC,FIRST CITIZENS SECURITIES CORP.
FCCP,"FIRST CLEARING, LLC"
FCFS,"FIRST COMMAND FINANCIAL PLANNING, INC"
FDSI,"FIRST DALLAS SECURITIES, INC."
FESI,FIRST EMPIRE SEC INC
FFEC,FIRST FINANCIAL EQUITY CORPORATION
FFSA,FIRST FINANCIAL SECS OF AMERICA
FGOE,"FIRST GEORGETOWN SECURITIES, INC."
FHCI,FIRST HEARTLAND CAP
FHON,FIRST HONOLULU SEC INC
FILS,FIRST ILLINOIS SEC
FIFS,FIRST INDEPENDENT FINANCIAL SERVICES INC
KACI,"FIRST INTEGRITY CAPITAL PARTNERS, CORP"
FISN,FIRST INTERNET SECURITIES NTWK
FIRT,FIRST INVESTORS CORP
FKSC,FIRST KENTUCKY SECURITIES CORP.
FLIB,FIRST LIBERTIES FINANCIAL
FLFS,FIRST LIBERTIES FINL
FMCO,FIRST MANHATTAN CO.
FSMG,"FIRST MERGER CAPITAL, INC."
FMFS,FIRST MERIT FINANCIAL SERVICES
FMSI,"FIRST MIDWEST SECURITIES, INC."
FNCM,FIRST NATIONAL CAPITAL MARKETS
MPFI,FIRST NEW YORK SECURITIES L.L.C
FNYS,"FIRST NEW YORK SECURITIES, LLC"
FSRP,FIRST REPUBLIC SEC CO LLC
FIRF,FIRST RESEARCH FINANCIAL
FSIS,FIRST SOUTHEAST INVESTORS SVS
FRST,FIRST SOUTHERN SECURITIES LLC
FSWC,FIRST SOUTHWEST COMPANY
CONF,"FIRST STATE FINANCIAL MANAGEMENT, INC."
FSSO,FIRST STATE SEC INC
FTEN,FIRST TENNESSEE DISCOUNT INC.
FTLP,FIRST TRUST PORTFOLIOS L.P.
TRYN,FIRST TRYON SECURITIES LLC
FWCO,FIRST WASHINGTON CORPORATION
FWAI,FIRST WESTERN ADVISORS
FWSI,FIRST WESTERN SECURITIES
FWIL,FIRST WILSHIRE SECS
FWSS,"FIRST WINSTON SECURITIES, INC."
FFSI,"FIRSTRADE SECURITIES, INC."
FMCS,FIVE MILE CAPITAL SECURITIES LLC
DEMJ,"FIVE STAR INVESTMENT SERVICES, INC."
FICP,FIXED INCOME CAPITAL PARTNERS LLC
FLMM,"FLEMING SECURITIES, INC."
FLAT,FLORIDA ALTANTIC SEC CORP
FIAF,"FLORIDA INVESTMENT ADVISORS, INC"
FMNC,FMN CAPITAL CORP
FMUS,"FMSBONDS, INC"
MIAM,"FMSBONDS, INC"
STIS,FNB BROKERAGE SVCS
FCML,"FNCC CAPITAL MARKETS, LLC"
FNFD,FOLGER NOLAN FLEMING DOUGLAS INCORPORATE
FTBR,"FOLIOFN INVESTMENTS, INC."
FOOT,FOOTHILL SECURITIES
FORD,"FORDHAM FINANCIAL MANAGEMENT, INC."
FITE,"FORESIGHT INVESTMENTS, LLC"
FORE,FOREST SEC INC
FRGP,"FORGE FINANCIAL GROUP, INC."
FSII,FORSYTH SEC
FTIS,FORTIS SECURITIES LLC
FORI,FORTREND SECURITIES LTD
FRTN,FORTUNE SECURITIES INC
FFSE,"FOUNDERS FINANCIAL SECURITIES, LLC"
FOXC,FOX CHASE CAPITAL PARTNERS
FOXY,FOX FINANCIAL MANAGEMENT CORPORATION
PHNX,"FRANKLIN CHRISTOPHER INVESTMENT BANKERS,"
FSST,"FRANKLIN STREET SECURITIES, INC."
FDMI,"FREEDOM INVESTMENTS, INC."
FRIC,FREEDOM INVESTORS CORP.
FBLC,FREIMARK BLAIR & COMPNAY INC.
CUFT,FROST BROKERAGE
WRGR,"FSB WARNER FINANCIAL, INC."
FSCS,FSC SECURITIES CORPORATION
FSIX,FSIC
FTSC,FTN FINANCIAL SECURITIES CORP.
FUBO,FUBON SECURITIES USA LLC
OFKS,"FULCRUM SECURITES, INC."
FARS,FURTHER LANE SEC L.P.
VISU,FVISUN SECURITIES CORP
REPP,G.A. REPPLE & CO.
GFBD,"G.F. INVESTMENT SERVICES, LLC"
GLSA,G.L.S. & ASSOC
GWWD,G.W. WADE ASSET MGMT CO
GXCO,G.X. CLARKE & CO
GABE,"GABELLI & COMPANY, INC."
GGWI,GAGE-WILEY & CO
GAGN,GAGNON SECURITIES LLC
STDB,"GAIN SECURITIES, INC."
GARW,"GAR WOOD SECURITIES, LLC"
GWDS,"GAR WOOD SECURITIES, LLC"
GRST,"GARDEN STATE SECURITIES, INC."
GAFI,GARDNER FINANCIAL SVS INC
GDNR,"GARDNER RICH, L.L.C."
GMCI,GARDNYR MICHAEL CAP
GARR,GARRETT NAGLE & CO INC
GRYG,"GARY GOLDBERG & CO., INC."
GATS,GATES CAPITAL CORP
GBMS,GBM INTERNATIONAL INC
GBMT,"GBM INTERNATIONAL, INC"
GBSL,GBS FINANCIAL CORPORATION
GEAR,"GEARY SECURITIES, INC"
GENW,"GENEOS WEALTH MANAGEMENT, INC."
GENS,GENERAL SECURITIES CORP.
GNSB,GENESIS SECURITIES LLC
TERA,GENWORTH FINANCIAL SECURITIES CORP.
TAIG,GEOFFREY RICHARDS SECURITIES CORP.
BAUM,GEORGE K. BAUM & COMPANY
GMCK,GEORGE MCKELVEY
GSSC,GEORGSON SHAREHOLDER SECS CORP
GFIG,GFI SECURITIES LLC
GDCO,"GILBERT DONIGER & CO.,INC."
GILG,GILDER GAGNON HOWE & CO. LLC
RGIL,GILFORD SECURITIES INC.-RETAIL
GLLL,GILL CAPITAL PARTNERS
GIRL,"GIRARD SECURITIES, INC."
GIMM,"GIT INVESTMENT SERVICES, INC."
GITI,GIT INVMTMT SVS INC
GCMC,GLADOWSKY CAP MGMT CORP
BPSG,"GLEACHER & COMPANY SECURITIES, INC."
GEAL,GLEN EAGLE ADVISORS LLC
GLEN,GLENDALE SECURITIES INC.
GLIC,GLICKENHAUS & CO.
GACC,GLOBAL ARENA CAPITAL CORP
GSBI,GLOBAL BRKGE SVS
GCPL,GLOBAL CREDIT PARTNERS LLC
GFSI,"GLOBAL FINANCIAL SERVICES, INC."
GLBL,"GLOBAL HUNTER SECURITIES, LLC"
GISJ,"GLOBAL INVESTOR SERVICE, L.C."
HBCO,"GLOBAL INVESTOR SERVICES, L.C."
GRIL,"GLOBAL RESOURCES INVESTMENTS, LTD."
GSIL,"GLOBAL STRATEGIC INVESTMENTS, LLC"
GSRI,"GLOBAL STRATEGIC INVESTMENTS, LLC"
PSRI,"GLOBALINK SECURITIES, INC."
GELZ,GOELZER INVMTS MGMT
GCST,GOLD COAST SEC INC
GBSC,GOLDEN BENEFICIAL SECURITIES CORPORATION
SLKI,"GOLDMAN SACHS EXECUTION & CLEARING, L.P."
GSCO,"GOLDMAN, SACHS & CO."
GBLS,"GOODWIN BROWNING & LUNA SECURITIES, INC."
GAIC,"GOOGINS & ANTON, INC."
GHCC,"GORDON, HASKETT CAPITAL CORPORATION"
SEAG,"GOVDESK, LLC"
GVMP,GOVERNMENT PERSPECTIVES LLC
MISI,"GPC SECURITIES, INC."
GFGL,GRACE FINANCIAL GROUP LLC
MVPF,GRACE FINANCIAL GROUP LLC
GMCY,GRAMERCY FINL SVS LLC
GRND,GRAND CAPITAL CORP
GFIN,"GRANITE FINANCIAL GROUP, LLC"
GWLP,GRANT WILLIAMS LP
GRBF,GRB FINANCIAL LLC
AGSS,GREAT AMERICAN ADVISORS
GAII,GREAT AMERICAN INVESTORS
MAYO,GREAT CIRCLE FINANCIAL
GNTS,GREAT NATION INVESTMENT CORP
GPSS,GREAT PACIFICE SECURITIES
NEHL,GREENBURG FINL GRP
GPCG,GREENMAN PARKER CONNALLY GREENMAN INC.
GLCM,GREENSLEDGE CAPITAL MARKETS LLC
GJSS,GREGORY J SCHWARTZ & CO INC
ZENT,GREGORY ZENT & SWANSON INC.
GRFC,GRF CAPITAL INVESTORS INCORP
GMPU,GRIFFITHS MCBURNEY CORP.
GRIG,"GRIGSBY & ASSOCIATES, INC."
GROD,"GRODSKY ASSOCIATES, INC."
CLYM,"GUGGENHEIM FUND DISTRIBUTORS, INC."
GUGI,"GUGGENHEIM FUND DISTRIBUTORS, INC."
GUGG,"GUGGENHEIM INVESTOR SERVICES, LLC"
LNKS,"GUGGENHEIM SECURITIES, LLC"
GUNN,GUNN & COMPANY INC
GURN,GURUN INC
GZML,GUZMAN & CO.
GUZM,GUZMAN & COMPANY
BCPI,GVC CAPITAL LLC
RLCC,GWM GROUP INC
GWNS,"GWN SECURITIES, INC."
HBCK,H. BECK INC
HRIV,H. RIVKIN & CO
DENI,H.C. DENISON & CO.
WAIN,"H.C. WAINWRIGHT & CO., INC."
HDVS,"H.D. VEST INVESTMENT SECURITIES, INC."
WMPB,"HAHN SECURITIES, INC."
BBHP,"HALCYON CABOT PARTNERS, LTD."
HRFS,HALL & ROMKEMA FINANCIAL SERVICES LLC
HMRK,"HALLMARK INVESTMENTS, INC."
HANS,HAMNI ASSET SECURITIES
HMPT,"HAMPTON SECURITIES (USA), INC."
HANK,HANCOCK INVESTMENT SVS INC
DHAN,HANCOCK SEC GRP
AIRS,HAND SECURITIES INC.
HMRN,"HANSON MCCLAIN RETIREMENT NETWORK, LLC"
HAFS,"HANTZ FINANCIAL SERVICES, INC."
POLI,"HAPOALIM SECURITIES USA, INC."
BURT,"HARBOR FINANCIAL SERVICES, LLC"
HIAL,"HARBOR INVESTMENT ADVISORY, LLC"
HARB,HARBOUR INVMTS INC
HRGR,HARGER & CO INC
HBRN,HAROLD C. BROWN & CO. LLC
HRRS,"HARRIS INVESTOR SERVICES, INC."
HACA,HARVEST CAP LLC
HVST,HARVEST FINL CORP
HAVN,HAVENWOOD CAP MKTS LLC
RITT,"HAVERFORD TRUST SECURITIES, INC."
HAST,"HAYDEN STONE & CO., LLC"
HAYV,HAYWOOD SEC INC
HASF,HAYWOOD SECURITIES INC (USA) INC.
HAZL,"HAZLETT, BURT & WATSON INC"
BRNT,HD BRENT & CO
HIAI,"HEARTLAND INVESTMENT ASSOCIATES, INC."
HEFR,"HEFREN-TILLOTSON, INC."
HYSI,HEIM AND YOUNG
HCPI,"HENDERSON CAPITAL PARTNERS, LLC."
HENY,HENLEY & CO LLC
NHWI,HENNION & WALSH INC
HJSC,HERBERT J SIMS
HFSB,"HERITAGE FINANCIAL SYSTEMS, INC."
HPOL,HERNDON PLANT OAKLEY LTD
NHFS,HEWITT FINANCIAL SERVICES LLC
HXGN,HEXAGON SECURITIES LLC
HFPC,HFP CAPITAL MARKETS
HIGG,"HIGGINS CAPITAL MANAGEMENT, INC."
COHI,"HIGH POINT CAPITAL GROUP, INC."
ESII,"HIGH STREET SECURITIES, INC."
HIGH,"HIGHLANDER CAPITAL GROUP, INC."
HTJP,"HIGHTOWER SECURITIES, LLC"
HTWR,"HIGHTOWER SECURITIES, LLC"
DLWB,"HILLIARD FARBER & CO., INC"
HFCO,"HILLIARD FARBER & CO., INC"
HKCS,"HKC SECURITIES, INC."
HLMS,"HLM SECURITIES, INC."
HLLC,HOLLENCREST SEC LLC
VOLS,"HOME FINANCIAL SERVICES, INC."
HPPR,HOPPER SECURITIES - VERMONT
HOTO,"HORNOR, TOWNSEND & KENT INC"
HWIL,HOWARD WEIL INCORPORATED
HOWE,"HOWE BARNES HOFFER & ARNETT, INC."
HORW,HOWITZ & ASSOC INC
HPOT,HP SECURITIES INC
HRCS,"HRC INVESTMENT SERVICES, INC."
HSBC,HSBC SECURITIES (USA) INC
HSBK,HSBC SECURITIES (USA) INC.
HDSW,HUDSON SECURITIES INC
HDSN,"HUDSON SECURITIES, INC."
SECT,HUDSON VALLEY CAPITAL MANAGEMENT
HNTR,HUNTER ASSOC
PLCP,HUNTER SCOTT FINANCIAL LLC.
HUNT,HUNTLEIGH SECURITIES CORPORATION
HUTC,"HUTCHINSON, SHOCKEY, ERLEY & CO."
HWJC,"HWJ CAPITAL PARTNERS II, LLC"
HSAC,HYUNDAI SEC
LOCL,IBC INVESTMENTS CORPORATION
IBER,IBERIA CAPITAL PARTNERS LLC
MRBA,IBN FINL SVS
IBSL,"IBS SECURITIES, LLC"
GARB,ICAP CORPORATES LLC
GARC,ICAP CORPORATES LLC
IBAB,ICAP CORPORATES LLC
IEBC,ICAP ELECTRONIC BROKING LLC
ICAP,ICAP SECURITIES (USA) LLC
IBAA,ICBA SECURITIES CORP
ICDS,"ICD SECURITIES, INC."
ISEC,ICICI SECURITIES INC.
ICMC,ICM CAPITAL MARKETS LTD.
AJCO,IDB CAPITAL CORP.
IIGH,IIG HORIZON SECURITIES LLC
IMPC,"IMPERIAL CAPITAL, LLC"
IMSS,"IMS SECURITIES, INC."
INCP,INCAPITAL LLC
ICCI,INDEPENDENCE CAP CO INC
INDE,INDEPENDENT BROKERS LLC
HSAI,"INDEPENDENT FINANCIAL GROUP, LLC"
IMBB,INDIANA MERCHANT BKING & BRKGE CO INC
INDI,"INDIANA SECURITIES OF INDIANAPOLIS, LLC"
NFTY,INFINITY SECURITIES CORP.
INGF,ING FINANCIAL MARKETS LLC
WING,"ING FINANCIAL PARTNERS, INC."
AISL,ING FINL ADVISERS LLC
INGS,INGALLS & SNYDER LLC
ICSG,INSTINET CLRING SVS INC
ICMH,INSTITUTIONAL CAP MGMT INC
ISCN,INSTITUTIONAL SEC CORP
INFI,INTEGRAL FINANCIAL LLC
INII,INTEGRATED TRDING & INVMTS INCORP
IBSJ,INTEGRITY BROKERAGE SERVICES
IBCO,INTERACTIVE BROKERS CORP.
IBKR,INTERACTIVE BROKERS L.L.C.
IBSA,"INTERBOLSA SECURITIES, LLC"
ITCM,"INTERCAM SECURITIES, INC."
ICFS,INTERCAROLINA FINL SVS
ICON,INTERCONTINENTAL ASSET MANAGEMENT GROUP
IMSL,INTERMERCHANT SECURITIES LLC
IFSM,INTERMOUNTAIN FINANCIAL
INTA,"INTERNATIONAL ASSETS ADVISORY, LLC"
ICTI,INTERNATIONAL CORRESPONDENT TRADING INC
IESC,"INTERNATIONAL EQUITY SERVICES, INC"
AZAD,"INTERNATIONAL FINANCIAL SOLUTIONS, INC."
IMMG,"INTERNATIONAL MONEY MANAGEMENT GROUP, IN"
IPAC,INTERPACIFIC INVESTORS
IVST,INTERVEST INTERNATIONAL EQUITIES CORP
CTAS,INTINEX INVTMT INC
INTL,"INTL TRADING, INC."
ISIG,INTNTL STRATEGY & INVMT GRP INC
INVM,"INVEMED ASSOCIATES, LLC"
TCGA,"INVERNESS SECURITIES, LLC"
ISFA,INVEST FINL CORP
ARCH,"INVESTACORP, INC."
IAIN,INVESTMENT ARCHITECTS INC
ICAO,INVESTMENT CTRS OF AMERICA
IVNT,"INVESTMENT NETWORK, INC."
IPGR,INVESTMENT PLACEMENT GROUP
INPR,"INVESTMENT PROFESSIONALS, INC."
IAME,INVESTMT CENTERS OF AMERICA
INPI,INVESTMTENT PTNERS INC
IBOT,"INVESTORS BROKERAGE OF TEXAS, LTD."
ICCP,INVESTORS CAP
ISCI,"INVESTORS SECURITY COMPANY, INC."
IVEX,INVEX INC
IAAK,"ISAAK BOND INVESTMENTS, INC."
ISIL,ISI CAPITAL LLC
IAEX,"ISRAEL A. ENGLANDER & CO., LLC"
ITAU,ITAU BBA USA SECURITIES INC.
IESI,"ITAU EUROPA SECURITIES, INC."
ARKA,"IXE SECURITIES, LLC."
JADN,"J. ALDEN ASSOCIATES, INC."
GLYN,J.A. GLYNN & CO                       (O
SEIB,J.D. SEIBEFT & CO INC
JDRB,"J.H. DARBIE & CO., INC."
JHDR,"J.H. DARBIE & CO., INC."
HLHC,"J.J.B HILLIARD, W.L. LYONS, LLC"
HDLY,"J.J.B. HILLIARD,  W.L. LYONS, INC."
JKFS,J.K. FINANCIAL SERVICES INC.
JMLS,"J.M. LUMMIS SECURITIES, INC."
JPMC,J.P. MCGOWAN AND CO
JPMA,J.P. MORGAN INSTITUTIONAL INVESTMENTS
BEST,J.P. MORGAN SECURITIES LLC
JPMS,J.P. MORGAN SECURITIES LLC
PCSD,J.P. MORGAN SECURITIES LLC
JPTC,"J.P. TURNER & COMPANY, LLC"
JPTM,"J.P. TURNER & COMPANY, LLC"
JWCF,"J.W. COLE FINANCIAL, INC."
KRTH,J.W. KORTH & COMPANY INC
JWML,J.W. MILLEGAN
JVBF,JACK V BUTTERFIELD INV CO
JASM,JACKSON & SMITH INVESTMENT SEC LLC
JACK,JACKSON SEC
JACF,JACQUES FINL LLC
JFSI,JAMES FOX SEC
BLCK,JAMES I BLACK & CO
JANE,"JANE STREET MARKETS, LLC"
JANY,JANNEY MONTGOMERY SCOTT LLC
CSIB,"JBS LIBERTY SECURITIES, INC."
JDLS,JDL SECURITIES CORPORATION
PJEF,"JEFFERIES & CO., INC."
BDIR,"JEFFERIES & COMPANY, INC"
JEFF,"JEFFERIES & COMPANY, INC."
JHYT,"JEFFERIES HIGH YIELD TRADING, LLC"
JPOB,"JEFFERIES HIGH YIELD TRADING, LLC"
JEFM,JEFFREY MATTHEW FINANCIAL GRP LLC
DEFA,"JEFFRIES & CO, INC"
JETT,"JETTRADE, INC."
PONT,"JHS CAPITAL ADVISORS, INC."
PRBC,"JHS CAPITAL ADVISORS, INC."
JKRC,JKR & COMP INC
JSSF,"JMP SECURITIES, LLC"
JBEL,"JOBEL FINANCIAL, INC."
JINS,JOHN CARRIS INVESTMENTS
JJIL,JOHN JAMES INVMTS
GOLA,JOHN THOMAS FINANCIAL
JOLE,"JOHNSTON, LEMON & CO.,INCORPORATED"
JONE,"JONES TRADING INSTITUTIONAL SERVICES, LL"
ETSB,JOSEPH GRACE HOLDINGS INC
JGUN,JOSEPH GUNNAR & CO. INC.
JVBG,"JVB FINANCIAL GROUP, LLC"
KCWF,K.C. WARD FINANCIAL
KWCC,K.W. CHAMBERS & CO
KALA,KA ASSOCIATES INC
KBCO,KAHN BROTHERS LLC
WYOM,KAISER AND COMPANY
KALO,"KALOS CAPITAL, INC."
KRVY,"KARVY, INC."
KASH,KASHNER DAVIDSON SECURITIES CORP.
KBRO,KAUFMAN BROS. L. P.
KBFP,"KBC FINANCIAL PRODUCTS USA, INC."
KCDF,KCD FINANCIAL
KBWI,"KEEFE, BRUYETTE & WOODS, INC."
KEEL,KEELEY INVESTMENT CORP.
KDCO,"KELLNER, DILEO & CO., LP."
KNII,"KENAI INVESTMENTS, INC."
KJER,"KENNETH, JEROME & CO., INC."
KENS,KENSINGTON CAPITAL INC.
KEPL,"KEPLER CAPITAL MARKETS, INC."
KERC,KERCHEVILLE & COMPANY
SLOW,"KERN, SUSLOW SECURITIES, INC."
KESS,"KESSLER & COMPANY INVESTMENTS, INC."
KHKC,KEVIN HART KORNFIELD & CO INC
KISL,KEY INVESTMENT SERVICES LLC
KEYB,KEYBANC CAPITAL MARKETS INC
KSTN,KEYSTONE CAPITAL CORPORATION
KGSA,"KGS-ALPHA CAPITAL MARKETS, L.P."
KILD,KILDARE CAPITAL
KCIX,"KILEY PARTNERS, INC."
KIML,"KIMELMAN & BAIRD, LLC"
KOND,"KINSELL, NEWCOMB & DE DIOS INC."
KJCO,"KIPLING JONES & CO., LTD"
KRKS,KIRK SEC INCORP
KMSF,KMS FINL SVS INCORP
LIBE,"KNIGHT CAPITAL AMERICA'S, L.P."
NITE,"KNIGHT CAPITAL AMERICAS, L.P."
VABD,KNIGHT CLEARING AND EXECUTION SERVICES L
KOSE,"KOONCE SECURITIES, INC."
KISA,KOREA INVESTMENT & SECURITIES AMERICA
KOVS,KOVAK SEC INC
KVTZ,"KOVITZ SECURITIES, LLC"
KRCO,"KR SECURITIES, LLC."
KRAM,KRAMER SECURITIES CORP
KRUG,KRUEGER BROKERAGEINC
KUHN,KUHNS BROTHERS SECURITIES CORPORATION
KUYK,"KUYKENDALL & SCHNEIDER, INC."
KWSC,KW SECURITIES CORPORATION
KYSN,KYSON & CO
LMFI,L & M FINANCIAL SVS
FISH,L.B. FISHER & CO.
LMKO,L.M. KOHN & CO
LABR,LABRUNERIE FINANCIAL SVCS
LTCO,"LADENBURG, THALMANN & CO., INC."
LSPI,LAFAYETTE INVTMT INC
LAFI,LAFISE SECURITIES CORPORATION
SBIL,LAIDLAW & COMPANY (UK) LTD.
LAKE,LAKE FOREST SEC LLC
LDAS,LANDAAS & CO
LDOT,"LANDOLT SECURITIES, INC."
LSSI,"LANGDON SHAW SECURITIES, INC."
LATN,"LANTERN INVESTMENTS, INC."
LDSC,LARA DORBECKER SEC CORP
LAMA,"LARA, SHULL & MAY, LLC"
LARC,LARIMER CAPITAL CORPORATION
LASS,"LASALLE STREET SECURITIES, LLC."
LWFL,LAWSON FINL CORP
LAZA,"LAZARD CAPITAL MARKETS,LLC"
LCSS,"LCS SECURITIES, LLC"
LCCO,LEADER CAP CORP
LBCO,"LEBENTHAL & CO., LLC"
LEER,"LEERINK SWANN & CO., INC."
LASE,LEGACY ASSET SEC INC
LGNE,LEGEN EQUITIES CORP
LGND,"LEGEND MERCHANT GROUP, INC."
SPCS,LEGEND SECURITIES INC.
LEGD,"LEGEND SECURITIES, INC."
LGNT,LEGENT CLEARING CORPORATION
LEBO,"LEIGH BALDWIN & CO., LLC"
LSCI,LEK SECURITIES CORPORATION
LEYA,"LEMLEY, YARLING & CO."
LENX,"LENOX FINANCIAL SERVICES, INC."
LEOC,LEONARD & COMPANY
LEON,"LEONARD SECURITIES, INC."
LSKO,LESKO SECURITIES INC.
LISI,LEUMI INVTMT SVS INC
LEXI,"LEXINGTON INVESTMENT CO., INC."
LFRO,"LF ROTHCHILD, LLC."
LFCS,"LFC SECURITIES, LLC"
PURP,LIBERTY CAPITAL INVESTMENT CORP
JACQ,LIBERTY GROUP
LPFS,"LIBERTY PARTNERS FINANCIAL SERVICES, LLC"
LASI,LIEBLONG & ASSOC INC
LMAR,LIFEMARK SECURITIES CORP
LIGH,LIGHTHOUSE CAPITAL CORPORATION
NBLT,LIGHTSPEED PROFESSIONAL TRADING LLC
INTG,"LIGHTSPEED TRADING, LLC"
LFAC,LINCOLN FINANCIAL ADVISORS CORP
CHUB,LINCOLN FINANCIAL SECURITIES CORP.
LFNH,LINCOLN FINANCIAL SECURITIES CORP.
LNCL,LINCOLN INVESTMENT
SDPT,LIVINGSTON MONROE CAPITAL GROUP INC.
LSEC,"LIVINGSTON SECURITIES, INC."
LYSI,LLOYDS SECURITIES INC
LOTC,"LO THOMAS & CO, INC"
LOBR,LOEB PARTNERS CORPORATION
LOMB,LOMBARD SEC INCORP
LIFG,LONG ISLAND FINANCIAL GROUP INC
LOOP,LOOP CAPITAL MARKETS LLC
RWBM,LORING WARD SECURITIES INC.
LEVL,LOVELL INC
LOWL,LOWELL & CO INC
LTLI,LP LITTLEWOOD & ASSOC INC
YLPL,LPL FINANCIAL LLC
AIAI,"LTC INVESTMENT SERVICES, INC"
MTDB,M & T SECURITIES INC
MHSI,M HOLDINGS SECS INC
BEAL,M R BEAL AND CO
AMCO,"M. AMARICO, INC."
GRIF,"M. GRIFFITH INVESTMENT SERVICES, INC."
MEAL,"M.E. ALLISON & CO., INC."
MJWH,"M.J. WHITMAN & CO., INC."
PFFR,M.M. DILLON & CO LLC
HWLS,M.S. HOWELLS & CO.
MIBS,"M&I FINANCIAL ADVISORS, INC."
MINV,MACK INVTMT SEC INC
MACQ,MACQUARIE CAPITAL (USA) INC.
MADN,MADDEN SEC CORP
MAVS,MADISON AVENUE SECURITIES
EQUI,"MADISON CAPITAL MARKETS, INC."
MWCO,MADISON WILLIAMS AND COMPANY LLC
MAGI,"MAGUIRE INVESTMENTS, INC."
MAIA,MAIA SEC INC
MSCB,MAINE SECURITIES CORPORATION
EDFM,MAN SECURITIES INC.
MASE,"MANAGED ACCOUNT SERVICES, LLC"
MSCX,MANARIN SEC CORP
MFPC,MANNA CAPITAL MANAGEMENT
MAPL,MAPLE SECURITIES U.S.A. INC.
MPLW,MAPLEWOOD INVESTMT ADVISORS INCORP
LANE,MARC J LANE & CO
DVNE,MARCO POLO SECURITIES INC.
PNET,MARINER INVTMT GRP INC
BOYR,"MARK BOYAR & COMPANY, INC."
MKTX,MARKETAXESS CORP
MDEB,"MARQUETTE DE BARY CO., INC"
MAFS,"MARQUIS FINANCIAL SERVICES, INC"
MRSC,MARSCO INVMT CORP
MNCO,"MARTIN NELSON & CO., INC."
MSIE,MASON SEC INC
MATX,"MATRIX CAPITAL GROUP, INC."
MAXI,MAX INTERNATIONAL BROKER/DEALER CORP.
MAXM,MAXIM GROUP LLC
NOLL,MAXWELL NOLL INVESTMENT ADVISORS
MXSI,"MAXWELL SIMON, INC."
MAYC,MAYFAIR CAPITAL MARKETS
MBTS,MB TRADING
DRSC,MBSC SECURITIES CORPORATION
MWRI,"MCADAMS WRIGHT RAGEN INC.,"
PAGE,"MCCLENDON, MORRISON & PARTNERS, INC."
MCCL,MCCLURG CAPITAL CORPORATION
MCTY,MCCOURTNEY-BRECKENRIDGE & CO.
TMCD,"MCDONALD PARTNERS, LLC"
MCLF,MCL FINL GRP
MMAN,MCMAHAN SECURITIES CO. L.P.
MCME,MCMILLION SECS INC
MCNA,MCNALLY FINANCIAL SERVICES CORPORATION
MDBC,MDB CAPITAL GROUP LLC
MEAN,"MEANS INVESTMENT CO., INC."
WMEI,"MEESCHAERT CAPITAL MARKETS, INC."
MELN,"MELLIN SECURITIES, INC"
MLVN,"MELVIN SECURITIES, LLC"
MERC,MERCADIEN SECURITIES
CICI,MERCANTIL COMMERCEBANK INVESTMENT SERVIC
MERQ,"MERCATOR ASSOCIATES, LLC"
MCLL,MERCHANT CAP
MSLC,MERCOR SECURITIES LLC
JPOD,"MEREDITH WHITNEY SECURITIES, LLC"
MERP,"MERIDIAN EQUITY PARTNERS, INC."
MEFG,MERITUS FINANCIAL GROUP
MERL,"MERLIN SECURITIES, INC."
MLIN,"MERLIN SECURITIES, LLC"
RLIN,"MERLIN SECURITIES, LLC"
MGSI,MERRILL LYNCH GOVERNMENT SECURIITIES INC
BOFA,"MERRILL LYNCH, PIERCE, FENNER & SMITH IN"
MLCO,"MERRILL LYNCH, PIERCE, FENNER & SMITH IN"
NBII,"MERRILL LYNCH, PIERCE, FENNER & SMITH, I"
MLMA,"MERRILL,LYNCH,PIERCE,FENNER & SMITH, INC"
MERR,"MERRIMAC CORPORATE SECURITIES, INC."
MERI,"MERRIMAN CAPITAL, INC."
MERG,"MERRION SECURITIES, LLC"
MERS,"MERRION SECURITIES, LLC"
MSRO,"MESIROW FINANCIAL,INC."
MSII,METLIFE SEC INC
MYRS,MEYERS ASSOCIATES L.P.
MYLG,"MEYERS ASSOCIATES, L.P."
MANS,MF GLOBAL INC.
MFRS,MFR SEC INC
MHAF,MHA FINANCIAL CORP
MSIM,"MICHIGAN SECURITIES, INC."
MACC,MID ATLANTIC CAPITAL CORP
MIDA,MID-ATLANTIC SEC INC
MIOH,MID-OHIO SECURITIES CORPORATION
MFSI,"MIDAMERIA FINANCIAL SERVICES, INC."
MDGS,"MIDDLEGATE SECURITIES, LTD"
MIDK,MIDKIFF & STONE CAPITAL GROUP
MIDS,"MIDSOUTH CAPITAL, INC."
MSTC,MIDWESTERN SEC TRADING CO LLC
MDWD,MIDWOOD SECURITIES INC
MIFI,"MILKIE/FERGUSON INVESTMENTS, INC."
MADV,"MILLENNIUM ADVISORS, LLC"
MITR,MILLER TABAK ROBERTS SEC LLC
MTCO,"MILLER, TABAK & CO."
MVII,MINNESOTA VALLEY INVESTMENTS
MISL,MISCHLER FINL GRP INC
MUFG,MITSUBISHI UFJ SECURITIES (USA)
TKYO,"MITSUBISHI UFJ SECURITIES (USA), INC."
MZHO,MIZUHO SEC USA INC
MKGF,"MKG FINANCIAL GROUP, INC."
MMCS,MMC SECURITIES CORP.
GRPS,"MML INVESTORS SERVICES, LLC"
MMRI,"MMR, INC."
MOLO,MOLONEY SEC CO INC
MOSE,"MOLONEY SECURITIES COMPANY, INC."
MNRC,"MONARCH CAPITAL GROUP, LLC"
MFCA,MONARCH FINANCIAL CORPORATION OF AMERICA
MONX,"MONEX SECURITIES, INC."
MNCC,MONEY CONCEPTS CAPITAL CORP
MYMK,MONEY MARKET 1 INSTITUTIONAL INV DEALER
MWCC,"MONNESS CRESPI HARDT & CO., INC."
MONR,"MONROE SECURITIES, INC."
MOJO,MONTAG & JOSELGAN
MONA,MONTECITO ADVISORS
MORF,"MONTECITO ADVISORS, INC."
MCIN,MOORS & CABOT INC.
MCBT,"MOORS & CABOT, INC."
MJCO,"MORGAN JOSEPH, LLC"
MSCO,"MORGAN STANLEY & CO., INCORPORATED"
DEAN,MORGAN STANLEY SMITH BARNEY
MSPW,"MORGAN STANLEY SMITH BARNEY, LLC"
MSSB,"MORGAN STANLEY SMITH BARNEY, LLC"
MWSI,"MORGAN WILSHIRE SECURITIES, INC."
MOKE,"MORGAN, KEEGAN & COMPANY, INC."
MCFM,"MORTON CLARKE, INC."
MVSC,"MOUNTAIN VIEW SECURITIES, INC."
MFGI,MOWELL FINL GRP INC
MTLE,MTL EQUITY PRODUCTS CO
MTBK,MULTI-BANK SECURITIES INC
MULT,MULTI-FINANCIAL SECS CORP
MCMG,MUNICIPAL CAPITAL MARKETS GROUP INC
MWMS,"MUREX CAPITAL, LLC"
SBRT,MURIEL SIEBERT & CO INC
MURF,MURPHY & DURIEU
MJDW,"Murray Securities, Inc."
MOIS,"MUTUAL OF OMAHA INVESTOR SERVICES, INC."
CBOL,"MUTUAL SECURITIES, INC"
MLPL,MUTUAL SERVICE CORPORATION
MUSC,MUTUAL SERVICE CORPORATION
MTCA,MUTUAL TRUST CO. OF AMERICA SECURITIES
MVSG,"MV SECURITIES GROUP, INC."
MWAF,MWA FINANCIAL SVCS INC
HAHN,"N. HAHN & CO., INC."
ZOUL,"N.B. ZOULLAS SECURITIES, INC."
NACM,NABSECURITIES LLC
NAFA,"NAFA CAPITAL MARKETS, LLC"
NBAR,"NANCY BARRON & ASSOCIATES, INC."
NDCM,"NANES, DELORME CAPITAL MANAGEMENT LLC"
NDMO,NASD TEST
NQMO,NASDAQ TEST
NACL,NATIONAL ALLIANCE SECURITIES CORPORATION
NFSC,NATIONAL FINANCIAL SERVICES LLC
JNFS,NATIONAL PLANNING CORP
NATL,NATIONAL SECURITIES CORP.
NAPK,NATIONAL SECURITIES CORPORATION
NFGR,NATIONS FINANCIAL GRP
NPAI,"NATIONWIDE PLANNING ASSOCIATES, INC."
SEVN,"NATIONWIDE SECURITIES, LLC"
ABLE,"NATIXIS  BLEICHROEDER, LLC"
IXIS,NATIXIS SECURITIES NORTH AMERICA INC.
PHRS,NAVAID FINANCIAL SERVICES INC.
NVGT,NAVIGATE ADVISORS
NFBS,"NAVY FEDERAL BROKERAGE SERVICES, LLC."
NBCS,"NBC SECURITIES, INC."
NDXT,NDX TRADING INC.
NTBC,"NEIDIGER/ TUCKER/ BRUNER, INC."
UFSM,NELNET CAPITAL LLC
NELS,"NELSON SECURITIES, INC."
TIGC,"NELSONREID, INC."
NSRD,"NESTLERODE & LOY, INC."
NETH,NETHERLAND SEC INC
NETW,NETWORK 1 FINANCIAL SECURITIES INC.
NTFN,NETWORK 1 FINANCIAL SECURITIES INC.
NBLB,"NEUBERGER BERMAN, LLC"
NEUB,"NEUBERGER BERMAN, LLC"
NABC,"NEW ALLIANCE INVESTMENTS, INC."
NESS,NEW ENGLAND SECURITIES
NHMG,NEW HORIZONS ASSET MANAGEMENT GROUP
BRGE,NEWBRIDGE SECURITIES
NUBG,NEWBRIDGE SECURITIES CORPORATION
NSCB,NEWBURY STREET CAPITAL PARTNERSHIP LTD.
NWCT,"NEWCOURT SECURITIES, LTD"
FMAT,"NEWEDGE USA, LLC"
NEWO,"NEWOAK CAPITAL MARKETS, LLC"
NCSI,"NEWPORT COAST SECURITIES, INC."
NWPT,NEWPORT SECURITIES CORPORATION
NFSI,"NEXITY FINANCIAL SERVICES, INC."
NEXT,NEXT FINL GRP INC
PSII,NFP SEC
NIAS,NIA SEC LLC
NICL,NICOL INVESTORS CORPORATION
NOBL,"NOBLE INTERNATIONAL INVESTMENTS, INC."
NMRA,"NOMURA SECURITIES INTERNATIONAL, INC."
NFLK,"NORFOLK MARKETS, LLC"
NOAS,NORTH ATLANTIC SECURITIES LLC
NRSC,NORTH RIDGE SECURITIES CORP
OAKF,NORTH SEA SECURITIES LP
NOSO,NORTH SOUTH CAPITAL LLC
ABYL,"NORTH STAR INVESTMENT SERVICES, INC."
NECM,NORTHEAST CAPITAL MARKETS CORP
NESC,"NORTHEAST SECURITIES, INC."
NORC,NORTHERN CAP SEC CORP
NTRC,"NORTHERN TRUST SECURITIES, INC."
WINE,NORTHGATE SECURITIES INC.
NORT,"NORTHLAND SECURITIES, INC."
NPNT,"NORTHPOINT TRADING PARTNERS, LLC"
NSFP,NORTHSTAR FINL PTNRS INC
NSTR,"NORTHSTAR GROUP, INC"
NWIA,NORTHWEST INVESTMENT ADVISORS
NWML,NORTHWESTERN MUTUAL INVMT SVS LLC
FPRI,"NPA FINANCIAL SERVICES, INC"
NPBF,"NPB FINANCIAL GROUP, LLC"
NSMS,"NSM SECURITIES, INC."
NTMG,"NUTMEG SECURITIES, LLC"
NTMW,"NUTMEG SECURITIES, LLC"
NVEN,"NUVEEN INVESTMENTS, LLC"
NWCM,NW CAPITAL MARKETS INC.
NYLS,NYLIFE SECURITIES
NYPP,"NYPPE, LLC"
OBSH,"O'BRIEN & SHEPARD, INC."
OCON,O'CONNOR & COMPANY SECURITIES INC.
ONEL,"O'NEIL SECURITIES, INC."
OHSI,"OAK HILLS SECURITIES, INC."
OTSB,OAK TREE SEC INC
OBTG,OAKBROOK INVMT  BRKS INC
OFCC,OBERLIN FINL CORP
OBWS,OBERWEIS SECURITIES
OBEX,OBEX SEC LLC
GLBZ,"OBS BROKERAGE SERVICES, INC."
GSCL,"OBSIDIAN FINANCIAL GROUP, LLC"
OFGL,"OBSIDIAN FINANCIAL GROUP, LLC"
OCSI,"OC SECURITIES, INC."
ATTR,"ODD LOT BONDS, INC."
ODNC,ODEON CAPITAL GROUP
OFGF,OFG FINL SVSINC
OTSC,OGILVIE SEC ADVISORS
JBLW,"OHANESIAN / LECOURS, INC."
OLMM,OLMSTED & MULHALL INC
OLMP,"OLYMPUS SECURITIES, LLC"
OMSL,OM SECURITIES LLC DBA/TRADE MONSTER
HARD,"OMEGA SECURITIES, INC."
OMNV,OMNIVEST INCORP
AULC,"ONE AMERICA SECURITIES, INC"
OPCO,OPPENHEIMER &CO. INC.
EZOP,"OPTIONSHOUSE, LLC"
OXPS,"OPTIONSXPRESS, INC."
ORTL,ORIENTAL FINANCIAL SERVICES CORP.
OREO,"ORION TRADING, LLC"
OGRU,OSCAR GRUSS & SONS INCORPORATED
OSHM,OSHIMA & ASSOCIATES
OTAA,OTA LLC
POPP,"P. OPPENHEIMER & ASSOCIATES, INC."
PRGA,P.R. GIILBOY & ASSOC INC
HZIG,P.R.HERZIG & CO. INC
PAMS,"PACIFIC AMERICAN SECURITIES, LLC"
PISC,PACIFIC INVTMT SEC CORP
PACW,PACIFIC WEST SEC INC
PACK,"PACKERLAND BROKERAGE SERVICES, INC."
GTRN,"PAINTER, SMITH AND GORIAN INC."
DPAA,"PALMIERI, ANGNARDO & CO"
PLMA,PALOMA SECURITIES LLC
NORP,PARETO SECURITIES INC
FJRF,"PARITER SECURITIES, LLC"
PASC,PARK AVE SECURITIES
DJRC,"PARTNERS INVESTMENT NETWORK, INC."
PVSI,PARTNERVEST SEC INC
PATT,"PATRICK CAPITAL MARKETS, LLC"
PAUL,"PAULSON INVESTMENT COMPANY, INC."
PCDN,"PCS DUNBAR SECURITIES, LLC"
PCCA,PEACHTREE CAPITAL CORPORATION
BOBO,"PENATES GROUP, INC."
PENC,PENROD AND COMPANY
PNSA,PENSERRA SECURITIES
PFSI,PENSON FINANCIAL SERVICES
PFCL,"PENSON FINANCIAL SERVICES, INC."
PPLE,PEOPLES'S SEC INCORP
PERZ,PERAZA CAPITAL AND INVMT LLC
PERC,PERCIVAL FINL PTNRS CORP
BBNI,"PERFORMANCE TRUST CAPITAL PARTNERS, INC."
PERK,"PERKINS, SMART & BOYD, INC."
PASL,"PERSHING ADVISOR SOLUTIONS, LLC"
BHFS,PERSHING LLC
PERS,PERSHING LLC
ELSH,PETER ELISH INVESTMENTS SECURITIES
PRMC,PETER R MACK AND CO
PETI,"PETERSEN INVESTMENTS, INC."
FLGR,"PFLUEGER & BAERWALD, INC."
PHDC,PHD CAPITAL
FRTH,PHILADELPHIA BROKERAGE
PHIN,"PHILADELPHIA INVESTORS, LTD."
PHCO,PHILLIPS & COMPANY SECURITIES INC.
PHXP,"PHOENIX DERIVATIVES GROUP, LLC"
PICK,PICKERING ENERGY PARTNERS
PICT,PICTET OVERSEAS INC
PPSL,"PIERPONT SECURITIES, LLC"
FRWY,"PINNACLE CAPITAL MARKETS, LLC."
PINF,PINNACLE FINANCIAL GROUP
PINA,PINNACLE INVTS
PIPR,PIPER JAFFRAY & CO.
PLTF,"PLACE TRADE FINANCIAL, INC."
IRMD,PLANMEMBER SECURITIES CORPORATION
PICC,"PLANNED INVESTMENT CO., INC."
CASH,"PLANNER SECURITIES, LLC"
PMAS,"PMA SECURITIES, INC."
PMKS,"PMK SECURITIES & RESEARCH, INC."
PNCM,PNC CAPITAL MARKETS LLC
NATY,PNC INVESTMENTS LLC
PERM,PNC INVESTMENTS LLC
PNCC,PNC INVESTMENTS LLC
PNCI,PNC INVESTMENTS LLC
PODE,PODESTA & CO
CUNN,"POINT CAPITAL MARKETS, LLC"
PTAL,"POINTE ATLANTIC, INC."
PICI,"POLAR INVESTMENT COUNSEL, INC."
POPS,"POPULAR SECURITIES, INC."
PAAI,PORTFOLIO ADVISORS ALLIANCE INC
PBSI,PORTFOLIO BROKERAGE SERVICES INC.
PRGI,"PORTFOLIO RESOURCES GROUP, INC."
PMFS,PORTSMOUTH FINANCIAL SVCS
POTO,POTOMAC INVESTMENT COMPANY
PPAI,PPA INVMTS
PFCG,"PREFERRED CLIENT GROUP, INC."
PRSB,"PRESIDENTIAL BROKERAGE, INC."
DSSI,PRESIDIO FINANCIAL
JLEO,"PRIMARY CAPITAL, LLC"
PMCS,"PRIME CAPITAL SERVICES, INC"
STLR,"PRIMESOLUTIONS SECURITIES, INC."
BANK,PRIMEVEST FINANCIAL SERVICES
PMMX,PRIMEX
PRIN,"PRINCIPLE ADVISORS, INC."
PFSM,PRINCOR FINL SVS CORP
TPCP,"PRITCHARD CAPITAL PARTNERS, LLC"
PCSB,"PRIVATE CLIENT SERVICES, LLC"
PRPO,PRIVATE PORTFOLIO
PROE,PROEQUITES INC
PRAS,PROFESSIONAL ASSET MANAGEMENT
PAMI,PROFESSIONAL ASSET MGMT
PFFI,"PROFINANCIAL, INC."
PRLL,PROGRESS INVESTMENTS
PAMC,"PROGRESSIVE ASSET MANAGEMENT, INC."
ADSO,PROSPERA FINANCIAL SERVICES
PROT,PROTECTED INVESTORS OF AMERICA
PSIN,PROVIDENT SEC & INVMT CO/DI OF RED CAP M
PRUC,PRUCO SECURITIES CORP.
PGSL,"PRUDENTIAL BACHE SECURITIES, LLC"
PIMS,PRUDENTIAL INVESTMENT MANAGEMENT SVCS
PSAE,PSA EQUITIES INC
PTIS,PTI SECURITIES & FUTURES L.P.
PULT,PULSE TRADING LLC
PUMA,PUMA CAPITAL LLC
PUMP,PUMPHREY SECURITIES
PUPL,"PUPLAVA SECURITIES, INC."
PURB,"PURITAN BROKERAGE SERVICES, INC"
SARG,"PURSHE KAPLAN STERLING INVESTMENTS, INC."
PURS,PURSUIT PARTNERS
PTLV,PUTNAM LOVELL NBF SECURITIES INC.
PROG,PUTNAM RETAIL MANAGEMENT LIMITED PARTNER
PWAS,"PWA SECURITIES, INC."
MPWA,"PWMCO, LLC"
QAFC,QA3 FINANCIAL CORP.
IFSL,QA3 FINL CORP
QUAL,QUAYLE AND CO. SECURITIES
QRSC,QUEENS RD SEC LLC
QUEC,QUEST CAP STRATEGIES INC
QUES,QUEST SEC INC
POOH,QUESTAR CAP  CORP
QCAS,QUINCY CASS ASSOCIATES
QUOI,QUOIN CAPITAL LLC
ECHI,R & R PLANNING GROUP LTD
SEEL,"R. SEELAUS & CO., INC."
LAFF,"R.F. LAFFERTY & CO., INC."
LAFB,"R.F. LAFFERTY & COMPANY, INC"
DCAN,R.M. DUNCAN SEC INC
RTJC,R.T. JONES CAPITAL EQUITIES INC.
RWPS,R.W. PRESSPRICH AND CO
RWSM,"R.W. SMITH & ASSOCIATES, INC."
TOWT,R.W. TOWT & ASSOCIATES
RABO,RABO SECURITIES USA INC
RCME,RAFFERTY CAPITAL MARKETS
RCMP,RAFFERTY CAPITAL MARKETS
JJKS,RAFFERTY CAPITAL MARKETS LLC
RCMI,RAFFERTY CAPITAL MARKETS LLC
JJKE,"RAFFERTY CAPITAL MARKETS, LLC"
RCML,"RAFFERTY CAPITAL MARKETS, LLC"
RAIN,"RAINIER SECURITIES, LLC"
RAIT,"RAIT SECURITIES, LLC"
RTCP,"RAIT SECURITIES, LLC"
RMAT,RAMAT SECURITIES LTD.
RJLU,RAYMOND JAMES (USA) LTD.
RJFI,RAYMOND JAMES & ASSOCIATES
RJFS,RAYMOND JAMES FINL SVS
RAJA,"RAYMOND, JAMES & ASSOCIATES, INC."
DCSD,RBC CAPITAL MARKETS LLC
RBCD,RBC CAPITAL MARKETS LLC
RBDA,RBC CAPITAL MARKETS LLC
CAPM,"RBS SECURITIES, INC"
RCAP,"RCAP SECURITIES, INC."
RDCG,"RD CAPITAL GROUP, INC."
RDSS,RD SC LLC
RDMI,RDM INVESTMENTS
REWI,REDWINE & CO
RGLD,"REGAL SECURITIES, INC."
REGR,"REGISTER FINANCIAL ASSOCIATES, INC."
RETA,"REICH & TANG DISTRIBUTORS, INC."
RRUD,REID & RUDIGER LLC
REID,REID AND ASSOCIATES
RWWI,"RELIANCE WORLDWIDE INVESTMENTS, LLC"
RENC,RENCAP SECURITIES INC
RENS,RENSSELAER SECURITIES CORPORATION
RPEX,REPEX & CO INC.
RFSC,"RESIDENTIAL FUNDING SECURITIES, L.L.C."
RHGL,RESOUCE HORIZONS GROUP LLC
RRIC,RETIREMENT RESOURCES INVESTMENT CORP.
REUV,REUVEN ENTERPRISES SECURITIES DIVISION
KART,REVERE SECURITIES CORPORATION
KNOX,RG KNOX COMPANY
RHDS,RHODES SEC INC
APEX,RICE FINANCIAL PRODUCTS COMPANY
RMPI,"RICHARDS, MERRILL & PETERSON, INC."
ROII,"RICHFIELD ORION INTERNATIONAL, INC."
RIDG,RIDGEWAY & CONGER INCORP
RWCI,"RIDGEWAY & CONGER, INC."
RGWD,RIDGEWOOD ASSOCIATES INC.
RIED,RIEDL FIRST SEC CO OF KANSAS
ROCM,RIM SECURITIES LLC
RSWM,"RIVERSTONE WEALTH MANAGEMENT, INC."
RLCO,"RIVES, LEAVELL & CO"
BCLT,RIVIERE SECURITIES LTD.
RJJZ,"RJJ PASADENA SECURITIES, INC."
RMST,RM STARK & CO INC
SNTE,RMN SEC INC
ROBS,ROBBINS SEC
MDTH,ROBERT M MEREDITH AND CO
RRII,ROBERTS & RYAN INVESTMENTS INC.
ROBI,ROBINSON & ROBINSON INC
RLUK,"ROBINSON AND LUKENS, INC."
ROBT,"ROBOTTI & COMPANY, LLC"
ROCH,ROCHDALE SECURITIES LLC
RCKF,"ROCKFLEET FINANCIAL SERVICES, INC."
ROCK,ROCKWELL GLOBAL CAPITAL LLC
ROBO,RODGERS BROTHERS INC
RODM,"RODMAN & RENSHAW, LLC"
ADSD,"ROGAN & ASSOCIATES, INC."
ROMO,ROMANO BROS. & CO.
RSAI,"ROSS, SINCLAIRE & ASSOCIATES, LLC"
ROTH,"ROTH CAPITAL PARTNERS, INC."
RTHS,ROTHSCHILD SECURITIES CORPORATION
RAAI,"ROYAL ALLIANCE ASSOCIATES, INC."
ROYL,"ROYAL ALLIANCE ASSOCIATES, INC.        ("
RYAL,ROYAL SECURITIES COMPANY
RAFI,RSG CAPITAL CORP.
RCSK,"RUANE, CUNNIFF & GOLDBARB LLC"
RMCI,"RUSHMORE CAPITAL, INC."
RSSE,"RUSSELL IMPLEMENTATION SERVICES, INC."
RFAI,"RYAN FINANCIAL, INC."
SPIV,"S & P INVESTORS, INC."
SGCL,"S. GOLDMAN CAPITAL, LLC"
PARK,"S.C. PARKER & CO., INC."
SFPS,S.F. INVESTMENTS
SGLC,S.G. LONG & COMPANY
SLRD,S.L. REED & CO
SABS,"SABADELL SECURITIES USA, INC."
ASCZ,"SAFEGUARD SECURITIES, INC"
SSCO,SAFRA SECURITIES LLC
SSEI,"SAGE SOUTHEASTERN SECURITIES, INC."
SAGE,"SAGE, RUTTY & CO., INC."
AIGF,"SAGEPOINT FINANCIAL, INC."
ITCC,SAL FINL SVS INC
SALO,"SALOMON WHITNEY, LLC"
SRAM,"SAMCO CAPITAL MARKETS, INC."
SAMS,SAMMONS SECS CO LLC
RRPR,"SAMUEL A. RAMIREZ & CO., INC."
RREZ,"SAMUEL A. RAMIREZ & COMPANY, INC."
UMAS,SAMUELS CHASE & CO INC
SMHI,SANDERS MORRIS HARRIS INC.
GRIN,SANDGRAIN SEC INCORP
SGSI,"SANDGRAIN SECURITIES, INC."
SDLR,"SANDLER O'NEILL & PARTNERS, L.P."
BERN,"SANFORD C. BERNSTEIN & CO., LLC"
SANT,SANTANDER INVESTMENT SECURITIES INC.
SSPR,SANTANDER SEC CORP
SAPA,SAPERSTON ASSET MANAGEMENT INC.
INCC,"SATURNA BROKERAGE SERVICES,INC."
SDIC,SAUER DAZEY INVESTMENT CO.
SAXO,"SAXONY SECURITIES, INC."
SCAR,SCARSDALE EQUITIES LLC
SCFA,"SCF SECURITIES, INC."
SCMC,SCOTIA CAPITAL MARKETS
BBNT,SCOTT & STRINGFELLOW LLC
SJGM,SCOTT JAMES GRP INC
SCTO,"SCOTTRADE, INC."
SSIC,"SCOTTRADE, INC."
JOHN,SCOTTSDALE CAPITAL ADVISORS CORP
SCAI,SCOTTSDALE CAPITAL ADVISORS CORP
SCST,"SEACOAST INVESTOR SERVICES, INC."
SEPN,"SEAPINE SECURITIES, LLC"
SPGS,SEAPORT GROUP SEC
SEAP,SEAPORT SECURITIES CORP.
SERL,SEARLE & CO.
SNSC,SEATTLE NORTHWEST SECS CORP
GRDK,"SECONDMARKET, INC."
SEBS,SECU BROKERAGE SERVICES
MAMA,SECUREVEST FINANCIAL GROUP
SIAN,SECURIAN FINANCIAL SERVICES INC.
SAIN,"SECURITIES AMERICA, INC."
MASJ,SECURITIES CAPITAL CORPORATION
DOVE,SECURITIES EQUITY GROUP
SSNI,"SECURITIES SERVICE NETWORK, INC."
SECD,"SECURITIY DEALERS GUILD, INC."
SCTI,"SECURITY CAPITAL BROKERAGE, INC."
SCFI,SECURITY CHURCH FINANCE
SRFL,SECURITY RESEARCH ASSOCIATES INC.
SRES,"SECURITY RESEARCH ASSOCIATES, INC."
SEIC,SEI INVESTMENTS DISTRIBUTION CO.
SBSC,SEIBT FINL SVS
DAVW,SEIDEL & SHAW LLC
SEID,"SEIDEL & SHAW, LLC"
EMPR,"SELKIRK INVESTMENTS, INC."
SMZA,SEMAZA SECURITIES LLC
SEMT,SEMINOLE FINANCIAL
SEND,"SENDERO SECURITIES, LLC"
SEBR,SENTINEL BROKERS COMPANY INC.
SCTL,SENTINEL SECURITIES INC
SEQU,"SEQUOIA INVESTMENTS, INC."
SESL,SESLIA SECURITIES
SSGI,"SETON SECURITIES GROUP, INC."
SEVP,"SEVEN POINTS CAPITAL, LLC"
SFSS,"SF SENTRY SECURITIES, INC."
SGAS,SG AMERICAS SECURITIES LLC
SFSD,"SHARE FINANCIAL SERVICES, INC."
SSGR,"SHAREHOLDERS SERVICE GROUP, INC."
SHAW,SHAW (D.E.) SECURITIES LLC
SHAY,SHAY FINL SEC INC
RACO,"SHEARMAN, RALSTON INC"
DAVI,"SHELBY CULLOM DAVIS & CO., LP"
SSAI,"SHINHAN INVESTMENT AMERICA, INC"
SHTB,"SHORELINE TRADING GROUP, LLC"
SHTG,"SHORELINE TRADING GROUP, LLC"
SHRE,"SHUFRO, ROSE & CO"
TEQU,SICOR SECURITIES INC
SIGM,SIGMA FINANCIAL CORPORATION
SGNL,"SIGNAL SECURITIES, INC."
JHDI,SIGNATOR INVESTORS INC
SSGC,SIGNATURE SECURITIES GROUP
SIIW,SII INVESTMENTS INC
SVSI,SILICONVALLEY SEC
SIMM,SIMMONS & COMPANY INTERNATIONAL
SIGI,SIMMONS FIRST INVESTMENT GROUP
SSNG,SISUNG SECURITIES CORP.
SLHC,"SL HARE CAPITAL, INC."
SLAV,SLAVIC INVMT CORP
SLOA,SLOAN SECURITIES CORP.
SLON,SLOAN SECURITIES CORP.
SUMI,"SMBC NIKKO SECURITIES AMERICA, INC"
SMIT,"SMITH ASSET MANAGEMENT, INC."
SHFS,"SMITH HAYES FINANCIAL SERVICES, INC."
SGBI,"SMITH, BROWN, AND GROOVER, INC."
SMMO,"SMITH, MOORE & CO."
AFSL,SORRENTO PACIFIC FINANCIAL LLC
SORS,SORSBY FINANCIAL CORP.
SCML,SOUND CAPITAL MANAGEMENT LLC
SORE,"SOURCE CAPITAL GROUP, INC."
ETLD,SOUTH VALLEY WEALTH MANAGEMENT
SEIN,"SOUTHEAST INVESTMENTS, N.C., INC."
SPSC,"SOUTHERN PACIFIC SECURITIES, INC."
SLAK,SOUTHLAKE CAPITAL
GFLD,"SOUTHRIDGE INVESTMENTS GROUP, INC."
SWST,"SOUTHWEST SECURITIES, INC."
SCMT,SOUTHWESTERN CAP MKTS
SOUZ,"SOUZA BARROS SECURITIES, INC"
SPRC,"SPARTAN CAPITAL SECURITIES, LLC"
MICA,SPARTAN SEC GRP LTD
SAMI,"SPECTRUM ASSET MGMT, INC."
SPCA,SPECTRUM CAP INC
SPEN,SPENCER CLARKE LLC
SPIN,SPENCER EDWARDS INC
STSI,"SPENCER-TRASK SECURITIES, INC."
SPWI,SPENCER-WINSTON SECURITIES CORPORATION
SPLC,"SPIRE SECURITIES, LLC"
SZRO,SPREADZERO LLC
SSPT,SPRING STREET PARTNERS L.P.
SPYG,"SPYGLASS SECURITIES, LLC"
SRPR,SRM SEC INC
KEEN,"ST. BERNARD FINANCIAL SERVICES, INC."
DJST,"ST. GERMAIN SECURITIES, INC."
SCFL,"STANCHART SECURITIES INTERNATIONAL, INC"
SCBS,STANDARD CHARTERED SECURITIES (NORTH AME
SCSI,"STANDARD CREDIT SECURITIES, INC."
STVT,STANDARD INVESTMENT CHARTERED INCORPORAT
SSBS,"STATE STREET GLOBAL MARKETS, LLC"
SSLL,"STATE STREET GLOBAL MARKETS, LLC"
SSGM,"STATE STREET GLOBAL MARKETS,LLC"
STTR,STATE TRUST INVESTMENTS INC.
SAKL,STEPHEN A. KOHN & ASSOC. INC.
SPHN,"STEPHENS, INC."
SEGI,"STERLING ENTERPRISES GROUP, INC."
SMSL,"STERLING MONROE SECURITIES, LLC"
STSM,STERLING SMITH CORP
SAFS,"STERN AGEE FINANCIAL SERVICES, INC"
SBRO,STERN BROTHERS & CO
STRN,STERN BROTHERS & CO
SFEI,STERN FISHER EDWARDS INC
NCPI,"STERNE, AGEE & LEACH, INC."
SALC,"STERNE, AGEE & LEACH, INC."
SALI,"STERNE, AGEE, & LEACH, INC."
FALK,STEVEN L FALK & ASSOC INC
TWPT,"STIFEL NICOLAUS & CO., INC."
TWPL,STIFEL NICOLAUS AND COMPANY
STFL,"STIFEL, NICOLAUS & CO. INCORP."
STIN,"STINSON SECURITIES, LLC"
SKTR,STOCK TRADERS
SPTD,"STOCK USA EXECUTION SERVICES, INC."
STOS,STOCKCROSS FINANCIAL SERVICES
STOX,"STOCKCROSS FINANCIAL SERVICES, INC."
STXG,"STOCKCROSS FINANCIAL SERVICES, INC."
STOV,STOEVER GLASS & CO INCORP
SZZI,"STOFN, AGAZZI & CO"
STYO,STONE & YOUNGBERG LLC
STNE,STONE SECURITIES CORPORATION
SCSS,"STONECASTLE SECURITIES, LLC"
STNH,"STONEHAVEN, LLC"
SIII,STONEWALL INVTMTS INC
STNN,"STONNINGTON GROUP, LLC"
STHA,STORMHARBOUR SECURITIES
SCIL,STRATEGIC CAP INVTMTS LLC
STPS,"STRATEGIC POINT SECURITIES, LLC"
CPCF,"STRONGTOWER FINANCIAL, INC."
STJT,"SUCCESS TRADE SECURITIES, INC."
STSS,"SUCCESS TRADE SECURITIES, INC."
VERN,"SUCESS TRADE SECURITIES, INC."
SUMM,SUMMER STREET RESEARCH PARTNERS
SUMT,SUMMIT BROKERAGE SERVICE INC.
SMPR,"SUMMIT BROKERAGE SERVICES, INC"
SUMC,SUMMIT CAPITAL TRADING INC.
SEMQ,SUMMIT EQUITIES
SIGS,"SUMMITALLIANCE SECURITIES, LLC"
SMRD,"SUMRIDGE PARTNERS, LLC"
SBSI,SUN'S BROTHERS SECURITIES INC.
SBLT,"SUNBELT SECURITIES, INC."
SNRC,SUNRISE SECURITIES CORP
SSET,SUNSET FINANCIAL SERVICES INC.
SUST,"SUNSTREET SECURITIES, LLC"
SSIN,"SUNTRUST INVESTMENT SERVICES, INC."
STCM,"SUNTRUST ROBINSON HUMPHREY, INC."
SFSI,"SUPERIOR FINANCIAL SERVICES, INC."
MESI,"SURETY FINANCIAL SERVICES, INC."
CAST,SURGE TRADING INC.
SUSQ,SUSQUEHANNA CAPITAL GROUP
SUFI,"SUSQUEHANNA FINANCIAL GROUP, LLP"
SUTT,SUTTER SECURITIES INCORPORATED
SVBS,SVB SECURITIES
SWBC,SWBC INVESTMENT SERVICES
SWEN,SWENEY CARTWRIGHT & CO.
FRCM,SWISS RE CAPITAL MARKETS CORPORATION
SWRD,SWORD SEC CORP
BTSS,SWS FINL
SCYA,SYCAMORE FINANCIAL GROUP
SFCO,"SYMETRA INVESTMENT SERVICES, INC."
SYMP,SYMPHONIC SECURITIES LLC
SYCA,SYNDICATED CAPITAL INC.
SYNG,"SYNERGY INVESTMENT GROUP, LLC"
CBTD,"SYNOVUS SECURITIES, INC."
PICE,T ROWE PRICE INVESTMENT SVCS INC
TRWN,"T.R. WINSTON & COMPANY, LLC"
TSPI,T.S. PHILLIPS INVESTMENTS INC.
TAGG,TAG SECURITIES INC
TAFI,"TAHOE FIXED INCOME, LLC"
TCFF,TAKE CHARGE FINL
TALR,TAYLOR SEC INC
TBCS,"TBC SECURITIES, LLC"
TCAN,TC ADVISORS NETWORK INC
TCTD,"TCT SECURITIES AND DERIVATIVES, LLC"
SWIM,"TD AMERITRADE, INC."
TDAR,"TD AMERITRADE, INC."
WATH,"TD AMERITRADE, INC."
TDPA,TD SECURITIES (USA) LLC
TDSI,TD SECURITIES (USA) LLC
TFSL,TECKMEYER FINANCIAL SERVICES LLC
TSGI,"TEJAS SECURITIES GROUP, INC."
TEJS,"TEJAS, INC."
TIBS,"TELEMUS INVESTMENT BROKERS, LLC"
TFIS,TEMPLETON/FRANKLIN INVESTMENT SVCS INC.
TRMS,"TERMINUS SECURITIES, LLC"
TEST,TEST
TFSS,TFS SEC INC
BAKR,"THE BAKER GROUP, LLC"
BNCH,"THE BENCHMARK COMPANY, LLC"
BHSE,"THE BOND HOUSE, INC."
BUCK,THE BUCKINGHAM RESEARCH GROUP INC.
CGSE,THE CAP GRP SEC INC
DRCY,THE DARCY GRP LLC
DRAT,"THE DRATEL GROUP, INC."
FIGG,"THE FIG GROUP, LLC"
FLCO,THE FRAZER LANIER CO INC
JGII,THE GARBACZ GRP INCORP
GMSG,THE GMS GROUP                         (F
HUCO,THE HUNTINGTON INVESTMENT CO
ICEN,THE INVESTMENT CENTER
TKGA,THE KELT GROUP
LEAD,THE LEADERS GROUP
ONES,THE O.N. EQUITY SALES CO
EQTS,"THE OAK RIDGE FINANCIAL SVCS GRP, INC."
PRCO,THE PRINCERIDGE GROUP LLC
TSCI,THE SEC CTR INC
TSFA,"THE STRATEGIC FINANCIAL ALLIANCE, INC."
TSIB,"THE STREET, INC."
JGFF,"THE WINDMILL GROUP, INC."
TMCC,THEMUNICENTER LLC
MCTR,THEMUNICENTER.COM
THNK,THINKEQUITY LLC
REYN,THOMAS P. REYNOLDS SECURITIES LTD.
PFSQ,THOMASLLOYD CAPITAL LLC
TDCO,THOMPSON DAVIS & CO INC
TATA,"THORNES & ASSOCIATES, INC. INVESTMENT SE"
THOR,THORNHILL SEC
TBRD,THOROUGHBRED FINLSVS LLC
TRSH,THRASHER AND COMP INC
AALC,THRIVENT INVESTMENT MANAGEMENT INC.
TMBI,"THURSTON, SPRINGER, MILLER, HERD & TITAK"
CREF,TIAA-CREF INDIVIDUAL & INSTITUTIONAL SRV
FORT,TICONDEROGA SECURITIES LLC
TIGR,TIGER SECURITIES LLC
TMBR,TIMBER HILL LLC
TIMC,TIMECAPITAL SECURITIES CORP.
JSMI,TITAN SECURITIES
TOCQ,TOCQUEVILLE SECURITIES L.P.
TODS,TOD'S POINT CAPITAL LLC
TORY,TORREY PINES SECURITIES INC.
TCPX,"TOUSSAINT CAPITAL PARTNERS, LLC"
TRSQ,TOWER SQ SEC INC
TWCM,"TOWERS WATSON CAPITAL MARKETS, INC."
TOYS,TOYOTA FINANCIAL SERVICES SECURITIES USA
TDSC,TRACK DATA SECURITIES
TPMR,TRADE - PMR INC.
YAMN,"TRADE MANAGE CAPITAL, INC."
TKNG,TRADEKING
BELO,"TRADESPOT MARKETS, INC."
FILL,"TRADESTATION SECURITIES, INC."
TRAD,"TRADESTATION SECURITIES, INC."
TWGR,TRADEWIRE SECURITIES LLC
TWSE,"TRADEWIRE SECURITIES, LLC"
AOSD,TRADINGBLOCK
BLOC,TRADINGBLOCK
ASLB,"TRADITION ASIEL SECURITIES, INC."
INSC,"TRANSAMERICA FINANCIAL ADVISORS, INC"
TRSD,"TRANSCEND CAPITAL, LP"
TREA,TREASURE FINANCIAL CORP.
TRSR,TRI STAR FINL
TRID,TRIAD ADVISORS INC
TIAB,TRIAD SECURITIES CORP
TIAD,TRIAD SECURITIES CORP.
TRIN,TRIANGLE SECURITIES
TCOR,"TRICOR FINANCIAL, LLC"
TRIP,TRIDENT PARTNERS LTD.
TRUN,TRIUNE CAPITAL ADVISORS
TRUM,TRIUNE CAPITAL ADVISORS LLC
TRUX,TRIUNE CAPITAL ADVISORS LLC
TRKA,TROIKA DIALOG USA INC
TRUB,"TRUBEE COLLINS & CO., INC."
TMII,"TRUSTCORE INVSTMENTS, INC."
LADY,TRUSTFIRST INC
CFGM,"TRUSTMONT FINANCIAL GROUP, INC."
PATR,"TULLET PREBON FINANCIAL SERVICES, LLC"
PBON,"TULLET PREBON FINANCIAL SERVICES, LLC"
TWEE,"TWEEDY, BROWNE COMPANY LLC"
TFSC,TWENTY-FIRST SECURITIES CORP.
TWSF,TWS FINANCIAL
USDB,"U.S. BROKERAGE, INC."
USFB,"U.S. FINANCIAL INVESTMENTS, INC."
USFI,"U.S. FINANCIAL INVESTMENTS, INC."
PWPR,UBS FINANCAL SERVICES INCORPORATED OF P.
PWJC,UBS FINANCIAL SERVICES INC.
UBSW,UBS SECURITIES LLC
UHLM,"UHLMANN PRICE SECURITIES, LLC"
ULAT,"ULTRALAT CAPITAL MARKETS, INC."
PRIE,"UMB FINANCIAL SERVICES, INC."
UMBF,"UMB FINANCIAL SERVICES, INC."
ATKC,"UMPQUA INVESTMENTS, INC."
USCO,UNDERHILL SECURITIES CORP.
BVCM,"UNICREDIT CAPITAL MARKETS, LLC"
VSXE,UNIFIED FINL SEC NC
IVOL,UNION CAPITAL COMPANY
MKTI,"UNIONBANC INVESTMENT SERVICES, LLC"
UAMS,"UNITED AMERICAN SECURITIES, INC"
UBSI,UNITED BROKERAGE SECURITIES INC.
UCMI,"UNITED CAPITAL MARKETS, INC."
UPLN,UNITED PLANNERS' FINANCIAL SERVICES OF A
FNPN,UNIVEST INVMT INC
UNEX,"UNX, LLC"
FBSB,"US BANCORP INVESTMENTS, INC."
USBT,US BOSTON CAPITAL CORP
USIC,US SECURITIES INTERNATIONAL CORP.
USSI,US STERLING SECURITIES CORP.
USAF,USA FINANCIAL SEC CORP
LIIS,"USAA FINANCIAL ADVISORS, INC."
USAA,USAA INVESTMENT MANAGEMENT COMPANY
USCA,"USCA SECURITIES, LLC"
USIS,USI SEC INC
UVST,"UVEST FINANCIAL SERVICES GROUP, INC."
FMIS,UW INVESTMENT SERVICES
VAIL,VAIL SECURITIES INVESTMENTS INC.
TORO,"VALDEZ & MORENO, INC."
AGFA,"VALIC FINANCIAL ADVISORS, INC"
VLYF,VALLEY FORGE ASSET MGMT CORP
VALI,VALLEY NATIONAL INVESTMENTS
VALM,VALMARK SECURITIES CIN.
VFSL,VALOR FINANCIAL SECURITIES LLC
FINA,"VALORES FINAMEX INTERNATIONAL, INC."
VCLM,VAN CLEMENS & CO. INCORPORATED
VKMI,VAN KAMPEN FUNDS INC.
VBLT,"VANDERBILT SECURITIES, LLC"
VNDM,VANDHAM SECURITIES CORP.
VCAP,VANGUARD CAPITAL
VGRD,VANGUARD MARKETING CORPORATION
VASL,VASILOU & CO. INC.
VCSI,VAUGHN & CO. SECURITIES INC.
VBCS,VBC SEC LTD LIABILITY CO
VANQ,"VCG SECURITIES , LLC"
VCMS,"VCM SECURITIES, LLC"
VMEX,VECTORGLOBAL WMG
VENE,VENECREDIT SECS INC
VERI,VERITRUST FINANCIAL LLC
VEST,VESTECH SEC
VSTR,"VESTOR CAPITAL SECURITIES, LLC"
IBSI,"VFG SECURITIES, INC."
VFIN,VFINANCE INVESTMENTS
VFNL,"VFINANCE INVESTMENTS, INC."
VTRD,VIEW TRADE SECURITIES
VTDT,"VIEW TRADE SECURITIES, INC"
VSLP,VINING SPARKS
VBSL,"VISION BROKERAGE SERVICES, LLC"
VSIN,VISION FINANCIAL MARKETS LLC
VISI,VISION INVTMT SVS INC
MANI,VM MANNING & CO
VORP,VORPAHL WING SECS
VSRF,VSR FINANCIAL SERVICES INC.
VULK,VULCAN SECURITIES LLC
MELL,W.H. MELL ASSOC
REAV,"W.H. REAVES & CO., INC."
HAMR,W.R. HAMBRECHT & CO
HAMC,"W.R. HAMBRECHT + CO., LLC"
WRRF,"W.R. RICE FINANCIAL SERVICES, INC."
WRTC,"W.R.TAYLOR AND COMPANY, LLC."
FNET,WACHOVIA SECURITIES FINANCIAL NETWORK
WACL,WACHTEL & CON INC
UNTD,WADDELL & REED INC.
WABR,WALL STREET ACCESS
WSAP,WALL STREET ACCESS
WSAX,WALL STREET ACCESS
WSFG,WALL STREET FINANCIAL GROUP
WAMC,WALL STREET MONEY CENTER CORP
WNUT,WALNUT STREET SECURITIES INC.
WJCO,WALTON JOHNSON & CO.
WANG,WANG INVESTMENT ASSOCIATES
WARF,WARD'S FINANCIAL SERVICES
WSCC,WASHINGTON SECURITIES CORP.
WTFD,WATERFORD CAPITAL INC.
WTRI,WATERFORD INVESTORS SERVICES INC.
SALT,WATKINS FINANCIAL SVCS INC
WAVD,WAVELAND CAPITAL PARTNERS LLC
WAYN,WAYNE HUMMER INVESTMENTS LLC
WBBC,"WBB SECURITIES, LLC"
WENT,"WE NIGHTINGALE BROKERAGE SERVICES, INC."
WEAV,"WEAVER TIDWELL CAPITAL, LLC"
WEDB,"WEDBUSH SECURITIES, INC."
WGWD,"WEDGEWOOD PARTNERS, INC."
WEED,"WEEDEN & CO., L.P."
WESC,WELIINGTON SHIELDS & CO. LLC
WACC,"WELLER, ANDERSON & CO LTD E"
WLFT,WELLFLEET INVMTS LLC
WSIX,WELLINGTON SEC INC
RAGN,"WELLS FARGO ADVISORS, LLC"
WRET,"WELLS FARGO ADVISORS, LLC"
WFIS,WELLS FARGO INSTITUTIONAL SECS LLC
NORW,"WELLS FARGO SECURITIES, LLC"
WCHV,"WELLS FARGO SECURITIES, LLC"
WELL,"WELLS NELSON & ASSOCIATES, L.L.C"
WCOM,WESCOM FINANCIAL SERVICES
WUSA,WEST AMERICA SECURITIES CORP.
CBII,WESTBANCO SEC INC
WSTC,WESTCO INVESTMENT CORP
WEGP,"WESTERN EQUITY GROUP, INC."
WEST,"WESTERN GROWERS FINANCIAL SERVICES, INC."
WISI,"WESTERN INTERNATIONAL SECURITIES, INC."
WSLK,"WESTLAKE SECURITIES, LLC"
WLBP,WESTLB SECURITIES INC.
WFFS,WESTMINSTER FINL SEC INCORP
WESX,"WESTOR CAPITAL GROUP, INC."
WPCC,"WESTPARK CAPITAL, INC."
WCMS,"WESTPORT CAPITAL MARKETS, LLC"
WRIS,"WESTPORT RESOURCES INVESTMENT SERVICES,"
WSRK,WESTROCK CAPITAL MANAGEMENT INC.
WMBU,"WFG INVESTMENTS, INC."
WFPS,WFP SECS
WFSL,"WFS, LLC"
WEEL,WHEELHOUSE SECURITIES CORPORATION
WTKR,WHITAKER SECURITIES LLC
WTSC,WHITAKER SECURITIES LLC
WMCL,"WHITE MOUNTAIN CAPITAL, LLC"
WHPA,WHITE PACIFIC SECURITIES
WPSI,WHITE PACIFIC SECURITIES
WPAC,"WHITE PACIFIC SECURITIES, INC."
QWER,"WHITEHALL-PARKER SECURITIES, INC."
WSTN,WHITESTONE SECURITIES INC.
WHIT,WIC CORP.
WILB,"WILBANKS SECURITIES, INC."
QCMG,"WILDWOOD CAPITAL SECURITIES, INC."
WBRO,"WILEY BROTHERS & CO.,INC."
BURN,"WILLIAM C. BURNSIDE & COMPANY, INC."
HOPK,WILLIAM E HOPKINS & ASSOC INC
WSSS,WILLIAM SMITH & CO.
WLMS,"WILLIAMS CAPITAL GROUP, L.P."
WTCO,WILLIAMS TRADING LLC
WSEC,"WILLIS SECURITIES, INC."
WCIG,"WILLOW COVE INVESTMENT GROUP, INC."
BALE,WILMINGTON BROKERAGE SERVICES COMPANY
WBSC,WILMINGTON BROKERAGE SVS CO
WCSC,"WILMINGTON CAPITAL SECURITIES, LLC"
WDCO,"WILSON-DAVIS & CO., INC."
WINC,"WINCHESTER GROUP, INC."
WFSI,"WINDHAM FINANCIAL SERVICES, INC."
WISC,"WINDSOR, SHEFFIELD & CO., INC."
WYNS,"WINSLOW EVANS & CROCKER, INC"
WIDS,WISCONSIN DISCOUNT SECURITIES CORP.
OAKB,"WOLF FINANCIAL MANAGEMENT, LLC"
WHBB,WOLFE & HURST BOND BROKERS
WBFS,WOODBURY FINL SVS INC
WODL,WOODLANDS SECS CORP
RDNK,"WOODSTOCK FINANCIAL GROUP, INC.."
WSCX,WORKMAN SECURITIES CORP.
AMRG,WORLD CAPITAL BROKERAGE
WCSO,"WORLD CHOICE SECURITIES, INC."
WEGI,WORLD EQUITY GROUP INC
WGSB,WORLD GROUP SECS
WORL,WORLD TRADE FINANCIAL CORPORATION
WORX,WORLD TRADE FINANCIAL CORPORATION
ACCI,WORTH FINANCIAL GROUP INC.
WRPI,WRP INVESTMENTS INCORP.
WHCO,"WULFF, HANSEN & CO."
FUND,"WUNDERLICH SECURITIES, INC."
WUND,"WUNDERLICH SECURITIES, INC."
WUNR,"WUNDERLICH SECURITIES, INC."
WUNT,"WUNDERLICH SECURITIES, INC."
EXTF,"WYNSTON HILL CAPITAL, LLC"
WYSE,WYSER-PRATTE & CO. INC.
YQST,"YIELDQUEST SECURITIES, LLC"
YOSE,"YORK SECURITIES, INC."
YSBI,"YORK STOCKBROKERS, INC."
YOST,YOUNG STOVALL & CO.
ZECO,"ZECCO TRADING, INC."
ZEUS,"ZEUS SECURITIES, INC."
ZION,"ZIONS DIRECT, INC."
ZDNF,"ZIONS INVESTMENT SECURITIES, INC."
ZIVI,ZIV INVESTMENT CO.